;BP 2026;;;;;;;;;;;;;;;;;;;;;;;;;;;;;;;;;;;;;;;;;;;
;ENERO;;FEBRERO;;MARZO;;ABRIL;;MAYO;;JUNIO;;JULIO;;AGOSTO;;SEPTIEMBRE;;OCTUBRE;;NOVIEMBRE;;DICIEMBRE;;TOTAL 2026;;;TOTAL R2025;;;2026 vs R2025;;;2026 vs R2025;;;;;FACTURACIÓN;;;;;
Factor;IN;OUT;IN;OUT;IN;OUT;IN;OUT;IN;OUT;IN;OUT;IN;OUT;IN;OUT;IN;OUT;IN;OUT;IN;OUT;IN;OUT;IN;OUT;;IN;OUT;;IN;OUT;;IN;OUT;;;;2026;R2025;2026 vs R2025;;;
CABINAS;519101;509192;509237;525777;543735;500019;511006;546830;609831;567715;567020;569800;524925;639773;276083;334065;612986;467551;593689;594798;565419;540725;395793;432580;6228825;6228825;;6.242.027 €;6.228.825 €;;-0,20%;0,00%;;-13.202 €; -    ;;;PRODUCTO PROPIO;15595591;15461096;134495;0,0087;;1554900,88
CABINAS FAIN;42588;42588;42588;42588;42588;42588;42588;42588;42588;42588;42588;42588;42588;42588;42588;42588;42588;42588;42588;42588;42588;42588;42588;42588;511054;511054;;343.437 €;376.559 €;;48,80%;35,70%;;167.617 €;134.495 €;;;SCHINDLER;686587;2030739;-1344153;-0,6619;; -    
CHASIS MOCHILA;193714;190574;168161;193857;187461;182263;177347;172628;183711;201023;214663;176447;165451;207878;76404;89124;202673;159153;209061;206412;199105;187647;139374;150118;2117125;2117125;;2.113.762 €;2.117.125 €;;0,20%;0,00%;;3.362 €; -    ;;;TKE;2004532;2198175;-193643;-0,0881;;547539,68
CHASIS ELECTRICO;149332;136508;156913;152054;151770;151653;160416;136490;196637;175364;183062;166767;181196;231320;77919;58543;230226;199633;144517;173586;137635;157805;96344;126244;1865967;1865967;;1.945.106 €;1.865.967 €;;-4,10%;0,00%;;-79.139 €; -    ;;;KONE;2679447;5672179;-2992732;-0,5276;;378496,03
CHASIS CONTRAPESO;109784;92981;96230;103658;98364;102578;95649;94776;107002;99945;120764;93095;103849;131790;44277;46447;124382;113272;101268;108856;96446;98960;67512;79168;1165527;1165527;;1.187.286 €;1.165.527 €;;-1,80%;0,00%;;-21.759 €; -    ;;;OTIS;4111641;3904620;207021;0,053;;265226,17
SOPORTERIA;182620;193235;198079;196520;164864;176389;174440;169808;197543;194644;224570;163141;188374;222781;74940;85532;218629;185773;189099;201602;180095;183275;126066;146620;2119320;2119320;;2.155.556 €;2.119.320 €;;-1,70%;0,00%;;-36.236 €; -    ;;;POWER;9054948;8221205;833743;0,1014;;495260,5
VARIOS PP;113810;116445;138662;121021;107690;121724;127045;108198;148400;131108;142276;168307;112032;162821;50364;43672;116847;110009;150872;139951;143687;127228;100581;101782;1452266;1452266;;1.426.087 €;1.452.266 €;;1,80%;0,00%;;26.179 €; -    ;;;WALLBOX;500000;301243;198757;0,6598;;395139,74
CABINAS ESP; -    ; -    ; -    ;9519; -    ; -    ;9463; -    ; -    ; -    ;40124;9463;73076; -    ; -    ; -    ;12161;40123;38538;38538;12909;12909; -    ; -    ;186271;110552;;186.271 €;110.552 €;;0,00%;0,00%;; -    ; -    ;;;;34632745;37789257;-3156512;-0,0835;;-24272
CHASIS ESP; -    ;2864; -    ; -    ;2841; -    ; -    ; -    ; -    ;2841;14851; -    ;4070; -    ; -    ; -    ;9722;15182;4069;4069; -    ; -    ; -    ; -    ;35553;24956;;35.553 €;24.956 €;;0,00%;0,00%;; -    ; -    ;;;;;;;;;-6528
SCHINDLER CMG; -    ; -    ; -    ; -    ; -    ; -    ; -    ; -    ; -    ; -    ; -    ; -    ; -    ; -    ; -    ; -    ; -    ; -    ; -    ; -    ; -    ; -    ; -    ; -    ; -    ; -    ;;870.916 €;1.382.877 €;;-100,00%;-100,00%;;-870.916 €;-1.382.877 €;;;;;;;;; -    
VARIOS SCHINDLER;16860;4056;4509;4388;16043;8778;6193;8327;81;12393;8528;9079;4409;9373;1678;2642;4071;1682;9116;9116;7893;7893;5920;5920;85301;83648;;81.513 €;80.253 €;;4,60%;4,20%;;3.788 €;3.394 €;;;;;;;;;21275,54
SDS TD;13365;14038;24995;30482;11516;24925;40797;15063;8844;19093;64325;31701;23912;69385;6296;5345;29939;20153;30868;30868;26725;26725;20044;20044;301625;307822;;285.333 €;284.816 €;;5,70%;8,10%;;16.292 €;23.006 €;;;;;;;;;83833,71
SDS TW;1997;2817;10467;4103;4340;4116;8163;5545;2945;10061;16835;1738;11447;21161;2188;1510;4676;13476;7618;7618;6595;6595;4947;4947;82218;83689;;77.224 €;77.982 €;;6,50%;7,30%;;4.993 €;5.707 €;;;;;;;;;20630,77
SDS CW; -    ;265;1083; -    ; -    ;1191;955; -    ;332;338;816;776; -    ;1254;658; -    ;741;910;371;371;353;353;353;353;5662;5811;;5.887 €;5.182 €;;-3,80%;12,10%;;-225 €;629 €;;;;;;;;;1225,86
SDS GED;14733;18510;10283;16371;11311;11311;42499;9255;3402;9769;18008;33258; -    ;11826;5656;9004;28057;10797;18824;18824;16298;16298;12223;12223;181294;177445;;178.184 €;172.336 €;;1,70%;3,00%;;3.110 €;5.109 €;;;;;;;;;43495,6
VARIOS SDS;957;2870;2333;1269;2338;1169;3826;1913;1010;2019;6746;1169;2444;7407;585;1585;1116;1116;3043;3043;2635;2635;1976;1976;29009;28172;;27.293 €;27.293 €;;6,30%;3,20%;;1.716 €;879 €;;;;;;;;;6817,09
THYSSEN COMP.MECA.;10400;10400;10400;10400;7800;7800;6500;6500;3900;3900; -    ;2600; -    ; -    ; -    ; -    ; -    ; -    ; -    ; -    ; -    ; -    ; -    ; -    ;39000;41600;;424.697 €;468.460 €;;-90,80%;-91,10%;;-385.697 €;-426.860 €;;;;;;;;;41600
THYSSEN DECO;78560;78560;78560;78560;58920;58920;49100;49100;29460;29460; -    ;19640; -    ; -    ; -    ; -    ; -    ; -    ; -    ; -    ; -    ; -    ; -    ; -    ;294600;314240;;1.199.202 €;1.377.518 €;;-75,40%;-77,20%;;-904.602 €;-1.063.278 €;;;;;;;;;314240
THYSSEN EOX DECOS;76795;76795;85328;85328;93860;93860;76795;76795;81061;81061;93860;93860;98127;98127;46930;46930;89594;89594;89594;89594;85328;85328;59729;59729;977000;977000;;101.118 €;88.021 €;;866,20%;1010,00%;;875.882 €;888.979 €;;;;;;;;;977000
THYSSEN EOX ESTR;11050;11050;13000;13000;18734;18734;15328;15328;16179;16179;18734;18734;19585;19585;9367;9367;17882;17882;17882;17882;17031;17031;11921;11921;186692;186692;;132.261 €;121.853 €;;41,20%;53,20%;;54.431 €;64.839 €;;;;;;;;;186691,92
THYSSEN EOX TECHOS;20437;20437;22707;22707;24978;24978;20437;20437;21572;21572;24978;24978;26114;26114;12489;12489;23843;23843;23843;23843;22707;22707;15895;15895;260000;260000;;163.167 €;142.323 €;;59,30%;82,70%;;96.833 €;117.677 €;;;;;;;;;260000
THYSSEN EOX COMP.MECA.;17686;17686;19651;19651;21616;21616;17686;17686;18668;18668;21616;21616;22598;22598;10808;10808;20633;20633;20633;20633;19651;19651;13755;13755;225000;225000;; -    ; -    ;;;;;225.000 €;225.000 €;;;;;;;;;225000
KONE;492143;492143;546826;546826;601508;601508;492143;492143;346323;346323;200503;200503; -    ; -    ; -    ; -    ; -    ; -    ; -    ; -    ; -    ; -    ; -    ; -    ;2679447;2679447;;5.702.926 €;5.672.179 €;;-53,00%;-52,80%;;-3.023.479 €;-2.992.732 €;;;;;;;;;2141734,71
OTIS 2R1;87538;87538;101160;101160;126479;126479;74815;74815;75674;75674;104320;104320;97392;97392;38031;38031;106994;106994;96642;96642;92040;92040;68723;68723;1069807;1069807;;1.062.509 €;1.077.088 €;;0,70%;-0,70%;;7.298 €;-7.281 €;;;;;;;;;1069807,18
OTIS GENESIS;203936;203936;259322;259322;260198;260198;208822;208822;210221;210221;207995;207995;297978;297978;104242;104242;357852;357852;349641;349641;332992;332992;248634;248634;3041834;3041834;;2.863.407 €;2.827.532 €;;6,20%;7,60%;;178.427 €;214.302 €;;;;;;;;;2792945,42
POWER ELECTRONICS;869908;711743;711743;790825;751284;869908;869908;711743;909449;751284;830366;869908;830366;909449;434954;434954;790825;830366;711743;830366;790825;790825;553578;553578;9054948;9054948;;8.387.337 €;8.221.205 €;;8,00%;10,10%;;667.611 €;833.743 €;;;;;;;;;9.054.947,62 €
POWER ELECTRONICS OTROS; -    ; -    ; -    ; -    ; -    ; -    ; -    ; -    ; -    ; -    ; -    ; -    ; -    ; -    ; -    ; -    ; -    ; -    ; -    ; -    ; -    ; -    ; -    ; -    ; -    ; -    ;; -    ; -    ;;;;; -    ; -    ;;;;;;;;; -    
WALLBOX;39301;39301;43668;43668;48035;48035;39301;39301;41485;41485;48035;48035;50218;50218;24017;24017;45852;45852;45852;45852;43668;43668;30568;30568;500000;500000;;533.489 €;301.243 €;;-6,30%;66,00%;;-33.489 €;198.757 €;;;;;;;;; -    
RESTO PRODUCTOS; -    ; -    ; -    ; -    ; -    ; -    ; -    ; -    ; -    ; -    ; -    ; -    ; -    ; -    ; -    ; -    ; -    ; -    ; -    ; -    ; -    ; -    ; -    ; -    ; -    ; -    ;;12.973 €;11.389 €;;-100,00%;-100,00%;;-12.973 €;-11.389 €;;;;;;;;; -    
Totales;3266614;3076530;3255905;3373054;3358273;3460742;3271221;3024089;3256318;3064728;3215581;3079517;2880150;3280818;1340475;1400895;3092289;2874435;2899369;3054692;2842623;2815878;2016524;2127366;34695343;34632745;;37.744.521 €;37.800.646 €;;-8,10%;-8,40%;;-3.049.178 €;-3.167.901 €;;;;;;;;;1.554.900,88 €
;;;;;;;;;;;;;;;;;;;;;;;;;;;;;;;;;;;;;;;;;;;;
 / día;181479;170918;162795;168653;152649;157306;181734;168005;171385;161301;146163;139978;125224;142644;121861;127354;147252;136878;138065;145462;142131;140794;144037;151955;151508;151235;;;;;;;;;;;;;;;;;;
;;;;;;;;;;;;;;;;;;;;;;;;;;;;;;;;;;;;;;;;;;;;
UNIDADES;ENERO;;FEBRERO;;MARZO;;ABRIL;;MAYO;;JUNIO;;JULIO;;AGOSTO;;SEPTIEMBRE;;OCTUBRE;;NOVIEMBRE;;DICIEMBRE;;TOTAL 2026;;;;;;;;;;;;;;;;;;;
Factor;IN;OUT;IN;OUT;IN;OUT;IN;OUT;IN;OUT;IN;OUT;IN;OUT;IN;OUT;IN;OUT;IN;OUT;IN;OUT;IN;OUT;IN;OUT;;MSV;Fijos;;EBITDA;;;;;;;;;;;;;
CABINAS;216;219;211;217;234;214;225;224;248;242;241;215;203;253;111;116;244;181;0;241;0;219;0;175;1933;2516;;7.515.305,62 €;3.635.134,00 €;;3.880.171,62 €;;;;;;;;;;;;;
CABINAS FAIN;31;31;31;31;31;31;31;31;31;31;31;31;31;31;31;31;31;31;31;31;31;31;31;31;377;377;;;;;11,20%;;;;;;;;;;;;;
CHASIS MOCHILA;135;140;123;136;137;133;131;123;136;152;155;130;116;151;56;63;137;110;0;150;0;136;0;109;1126;1533;;;;;;;;;;;;;;;;;;
CHASIS ELECTRICO;84;72;80;80;83;84;93;74;110;99;98;95;86;125;45;31;112;85;0;95;0;86;0;69;791;995;;;;;;;;;;;;;;;;;;
CHASIS CONTRAPESO;167;154;157;159;159;164;158;154;172;167;185;156;152;198;72;72;183;161;0;174;0;158;0;127;1405;1844;;;;;;;;;;;;;;;;;;
CABINAS ESP;0;0;0;1;0;0;1;0;0;0;3;1;5;0;0;0;1;3;0;2;0;1;0;0;10;8;;;;;;;;;;;;;;;;;;
CHASIS ESP;0;1;0;0;1;0;0;0;0;1;3;0;1;0;0;0;2;3;0;1;0;0;0;0;7;6;;;;;;;;;;;;;;;;;;
SCHINDLER CMG;0;0;0;0;0;0;0;0;0;0;0;0;0;0;0;0;0;0;0;0;0;0;0;0;0;0;;;;;;;;;;;;;;;;;;
SDS TD;330;342;516;591;232;491;895;337;243;411;1072;601;497;1159;212;267;574;363;0;604;0;549;0;412;4571;6127;;;;;;;;;;;;;;;;;;
SDS TW;3;4;15;5;5;5;12;9;4;14;15;2;10;19;5;3;6;14;0;9;0;8;0;6;75;98;;;;;;;;;;;;;;;;;;
SDS CW;0;1;3;0;0;3;3;0;1;1;2;2;0;3;3;0;2;2;0;1;0;1;0;1;14;15;;;;;;;;;;;;;;;;;;
SDS GED;96;120;60;96;60;60;276;60;40;60;96;196;0;60;120;96;312;120;0;108;0;98;0;73;1060;1147;;;;;;;;;;;;;;;;;;
THYSSEN COMP.MECA.;40;40;40;40;30;30;25;25;15;15;10;10;0;0;0;0;0;0;0;0;0;0;0;0;160;160;;;;;;;;;;;;;;;;;;
THYSSEN DECO;40;40;40;40;30;30;25;25;15;15;10;10;0;0;0;0;0;0;0;0;0;0;0;0;160;160;;;;;;;;;;;;;;;;;;
THYSSEN EOX DECOS;79;79;87;87;96;96;79;79;83;83;96;96;100;100;48;48;92;92;92;92;87;87;61;61;1000;1000;;;;;;;;;;;;;;;;;;
THYSSEN EOX ESTR;17;17;20;20;29;29;24;24;25;25;29;29;30;30;14;14;28;28;28;28;26;26;18;18;287;287;;;;;;;;;;;;;;;;;;
THYSSEN EOX TECHOS;79;79;87;87;96;96;79;79;83;83;96;96;100;100;48;48;92;92;92;92;87;87;61;61;1000;1000;;;;;;;;;;;;;;;;;;
KONE;432;432;480;480;528;528;432;432;304;304;176;176;0;0;0;0;0;0;0;0;0;0;0;0;2352;2352;;;;;;;;;;;;;;;;;;
OTIS 2R1;43;43;49;49;62;62;37;37;37;37;51;51;48;48;19;19;52;52;47;47;45;45;34;34;523;523;;;;;;;;;;;;;;;;;;
OTIS GENESIS;220;220;279;279;280;280;225;225;227;227;224;224;321;321;112;112;386;386;377;377;359;359;268;268;3278;3278;;;;;;;;;;;;;;;;;;
POWER ELECTRONICS;686;562;562;624;593;686;686;562;718;593;655;686;655;718;343;343;624;655;562;655;624;624;437;437;7145;7145;;;;;;;;;;;;;;;;;;
;;;;;;;;;;;;;;;;;;;;;;;;;;;;;;;;;;;;;;;;;;;;
Días laborables año 2026;;18;;20;;22;;18;;19;;22;;23;;11;;21;;21;;20;;14;;229;;101%;entre días 2026 y 2025;;;;;;;;;;;;;;;
Semanas;;3,6;;4;;4,4;;3,6;;3,8;;4,4;;4,6;;2,2;;4,2;;4,2;;4;;2,8;;45,8;;;;;;;;;;;;;;;;;;
