C20.1.0;C;20;0;1;1;1;1200;800;1000;10000;VACIO;1;5
C20.1.1;C;20;1;1;1;1;1200;800;600;1000;VACIO;1;3
C20.1.2;C;20;2;1;1;1;1200;800;600;1000;VACIO;1;3
C20.1.3;C;20;3;1;1;1;1200;800;600;1000;VACIO;1;3
C20.1.4;C;20;4;1;1;1;1200;800;600;1000;VACIO;1;3
C20.2.0;C;20;0;2;1;1;1200;800;1000;10000;VACIO;1;5
C20.2.1;C;20;1;2;1;1;1200;800;600;1000;VACIO;1;3
C20.2.2;C;20;2;2;1;1;1200;800;600;1000;VACIO;1;3
C20.2.3;C;20;3;2;1;1;1200;800;600;1000;VACIO;1;3
C20.2.4;C;20;4;2;1;1;1200;800;600;1000;VACIO;1;3
C20.3.0;C;20;0;3;1;1;1200;800;1000;10000;VACIO;1;5
C20.3.1;C;20;1;3;1;1;1200;800;600;1000;VACIO;1;3
C20.3.2;C;20;2;3;1;1;1200;800;600;1000;VACIO;1;3
C20.3.3;C;20;3;3;1;1;1200;800;600;1000;VACIO;1;3
C20.3.4;C;20;4;3;1;1;1200;800;600;1000;VACIO;1;3
C21.1.0;C;21;0;1;1;1;1200;800;1000;10000;VACIO;1;5
C21.1.1;C;21;1;1;1;1;1200;800;600;1000;VACIO;1;3
C21.1.2;C;21;2;1;1;1;1200;800;600;1000;VACIO;1;3
C21.1.3;C;21;3;1;1;1;1200;800;600;1000;VACIO;1;3
C21.1.4;C;21;4;1;1;1;1200;800;600;1000;VACIO;1;3
C21.2.0;C;21;0;2;1;1;1200;800;1000;10000;VACIO;1;5
C21.2.1;C;21;1;2;1;1;1200;800;600;1000;VACIO;1;3
C21.2.2;C;21;2;2;1;1;1200;800;600;1000;VACIO;1;3
C21.2.3;C;21;3;2;1;1;1200;800;600;1000;VACIO;1;3
C21.2.4;C;21;4;2;1;1;1200;800;600;1000;VACIO;1;3
C21.3.0;C;21;0;3;1;1;1200;800;1000;10000;VACIO;1;5
C21.3.1;C;21;1;3;1;1;1200;800;600;1000;VACIO;1;3
C21.3.2;C;21;2;3;1;1;1200;800;600;1000;VACIO;1;3
C21.3.3;C;21;3;3;1;1;1200;800;600;1000;VACIO;1;3
C21.3.4;C;21;4;3;1;1;1200;800;600;1000;VACIO;1;3
C22.1.0;C;22;0;1;1;1;1200;800;1000;10000;VACIO;1;5
C22.1.1;C;22;1;1;1;1;1200;800;600;1000;VACIO;1;3
C22.1.2;C;22;2;1;1;1;1200;800;600;1000;VACIO;1;3
C22.1.3;C;22;3;1;1;1;1200;800;600;1000;VACIO;1;3
C22.1.4;C;22;4;1;1;1;1200;800;600;1000;VACIO;1;3
C22.2.0;C;22;0;2;1;1;1200;800;1000;10000;VACIO;1;5
C22.2.1;C;22;1;2;1;1;1200;800;600;1000;VACIO;1;3
C22.2.2;C;22;2;2;1;1;1200;800;600;1000;VACIO;1;3
C22.2.3;C;22;3;2;1;1;1200;800;600;1000;VACIO;1;3
C22.2.4;C;22;4;2;1;1;1200;800;600;1000;VACIO;1;3
C22.3.0;C;22;0;3;1;1;1200;800;1000;10000;VACIO;1;5
C22.3.1;C;22;1;3;1;1;1200;800;600;1000;VACIO;1;3
C22.3.2;C;22;2;3;1;1;1200;800;600;1000;VACIO;1;3
C22.3.3;C;22;3;3;1;1;1200;800;600;1000;VACIO;1;3
C22.3.4;C;22;4;3;1;1;1200;800;600;1000;VACIO;1;3
C23.1.0;C;23;0;1;1;1;1200;800;1000;10000;VACIO;1;5
C23.1.1;C;23;1;1;1;1;1200;800;600;1000;VACIO;1;3
C23.1.2;C;23;2;1;1;1;1200;800;600;1000;VACIO;1;3
C23.1.3;C;23;3;1;1;1;1200;800;600;1000;VACIO;1;3
C23.1.4;C;23;4;1;1;1;1200;800;600;1000;VACIO;1;3
C23.2.0;C;23;0;2;1;1;1200;800;1000;10000;VACIO;1;5
C23.2.1;C;23;1;2;1;1;1200;800;600;1000;VACIO;1;3
C23.2.2;C;23;2;2;1;1;1200;800;600;1000;VACIO;1;3
C23.2.3;C;23;3;2;1;1;1200;800;600;1000;VACIO;1;3
C23.2.4;C;23;4;2;1;1;1200;800;600;1000;VACIO;1;3
C23.3.0;C;23;0;3;1;1;1200;800;1000;10000;VACIO;1;5
C23.3.1;C;23;1;3;1;1;1200;800;600;1000;VACIO;1;3
C23.3.2;C;23;2;3;1;1;1200;800;600;1000;VACIO;1;3
C23.3.3;C;23;3;3;1;1;1200;800;600;1000;VACIO;1;3
C23.3.4;C;23;4;3;1;1;1200;800;600;1000;VACIO;1;3
C24.1.0;C;24;0;1;1;1;1200;800;1000;10000;VACIO;1;5
C24.1.1;C;24;1;1;1;1;1200;800;600;1000;VACIO;1;3
C24.1.2;C;24;2;1;1;1;1200;800;600;1000;VACIO;1;3
C24.1.3;C;24;3;1;1;1;1200;800;600;1000;VACIO;1;3
C24.1.4;C;24;4;1;1;1;1200;800;600;1000;VACIO;1;3
C24.2.0;C;24;0;2;1;1;1200;800;1000;10000;VACIO;1;5
C24.2.1;C;24;1;2;1;1;1200;800;600;1000;VACIO;1;3
C24.2.2;C;24;2;2;1;1;1200;800;600;1000;VACIO;1;3
C24.2.3;C;24;3;2;1;1;1200;800;600;1000;VACIO;1;3
C24.2.4;C;24;4;2;1;1;1200;800;600;1000;VACIO;1;3
C24.3.0;C;24;0;3;1;1;1200;800;1000;10000;VACIO;1;5
C24.3.1;C;24;1;3;1;1;1200;800;600;1000;VACIO;1;3
C24.3.2;C;24;2;3;1;1;1200;800;600;1000;VACIO;1;3
C24.3.3;C;24;3;3;1;1;1200;800;600;1000;VACIO;1;3
C24.3.4;C;24;4;3;1;1;1200;800;600;1000;VACIO;1;3
C1.1.0;C;1;0;1;1;1;1200;800;1000;10000;VACIO;1;5
C1.1.1;C;1;1;1;1;1;1200;800;600;1000;VACIO;1;3
C1.1.2;C;1;2;1;1;1;1200;800;600;1000;VACIO;1;3
C1.1.3;C;1;3;1;1;1;1200;800;600;1000;VACIO;1;3
C1.1.4;C;1;4;1;1;1;1200;800;600;1000;VACIO;1;3
C1.2.0;C;1;0;2;1;1;1200;800;1000;10000;VACIO;1;5
C1.2.1;C;1;1;2;1;1;1200;800;600;1000;VACIO;1;3
C1.2.2;C;1;2;2;1;1;1200;800;600;1000;VACIO;1;3
C1.2.3;C;1;3;2;1;1;1200;800;600;1000;VACIO;1;3
C1.2.4;C;1;4;2;1;1;1200;800;600;1000;VACIO;1;3
C1.3.0;C;1;0;3;1;1;1200;800;1000;10000;VACIO;1;5
C1.3.1;C;1;1;3;1;1;1200;800;600;1000;VACIO;1;3
C1.3.2;C;1;2;3;1;1;1200;800;600;1000;VACIO;1;3
C1.3.3;C;1;3;3;1;1;1200;800;600;1000;VACIO;1;3
C1.3.4;C;1;4;3;1;1;1200;800;600;1000;VACIO;1;3
C2.1.0;C;2;0;1;1;1;1200;800;1000;10000;VACIO;1;5
C2.1.1;C;2;1;1;1;1;1200;800;600;1000;VACIO;1;3
C2.1.2;C;2;2;1;1;1;1200;800;600;1000;VACIO;1;3
C2.1.3;C;2;3;1;1;1;1200;800;600;1000;VACIO;1;3
C2.1.4;C;2;4;1;1;1;1200;800;600;1000;VACIO;1;3
C2.2.0;C;2;0;2;1;1;1200;800;1000;10000;VACIO;1;5
C2.2.1;C;2;1;2;1;1;1200;800;600;1000;VACIO;1;3
C2.2.2;C;2;2;2;1;1;1200;800;600;1000;VACIO;1;3
C2.2.3;C;2;3;2;1;1;1200;800;600;1000;VACIO;1;3
C2.2.4;C;2;4;2;1;1;1200;800;600;1000;VACIO;1;3
C2.3.0;C;2;0;3;1;1;1200;800;1000;10000;VACIO;1;5
C2.3.1;C;2;1;3;1;1;1200;800;600;1000;VACIO;1;3
C2.3.2;C;2;2;3;1;1;1200;800;600;1000;VACIO;1;3
C2.3.3;C;2;3;3;1;1;1200;800;600;1000;VACIO;1;3
C2.3.4;C;2;4;3;1;1;1200;800;600;1000;VACIO;1;3
C3.1.0;C;3;0;1;1;1;1200;800;1000;10000;VACIO;1;5
C3.1.1;C;3;1;1;1;1;1200;800;600;1000;VACIO;1;3
C3.1.2;C;3;2;1;1;1;1200;800;600;1000;VACIO;1;3
C3.1.3;C;3;3;1;1;1;1200;800;600;1000;VACIO;1;3
C3.1.4;C;3;4;1;1;1;1200;800;600;1000;VACIO;1;3
C3.2.0;C;3;0;2;1;1;1200;800;1000;10000;VACIO;1;5
C3.2.1;C;3;1;2;1;1;1200;800;600;1000;VACIO;1;3
C3.2.2;C;3;2;2;1;1;1200;800;600;1000;VACIO;1;3
C3.2.3;C;3;3;2;1;1;1200;800;600;1000;VACIO;1;3
C3.2.4;C;3;4;2;1;1;1200;800;600;1000;VACIO;1;3
C3.3.0;C;3;0;3;1;1;1200;800;1000;10000;VACIO;1;5
C3.3.1;C;3;1;3;1;1;1200;800;600;1000;VACIO;1;3
C3.3.2;C;3;2;3;1;1;1200;800;600;1000;VACIO;1;3
C3.3.3;C;3;3;3;1;1;1200;800;600;1000;VACIO;1;3
C3.3.4;C;3;4;3;1;1;1200;800;600;1000;VACIO;1;3
C4.1.0;C;4;0;1;1;1;1200;800;1000;10000;VACIO;1;5
C4.1.1;C;4;1;1;1;1;1200;800;600;1000;VACIO;1;3
C4.1.2;C;4;2;1;1;1;1200;800;600;1000;VACIO;1;3
C4.1.3;C;4;3;1;1;1;1200;800;600;1000;VACIO;1;3
C4.1.4;C;4;4;1;1;1;1200;800;600;1000;VACIO;1;3
C4.2.0;C;4;0;2;1;1;1200;800;1000;10000;VACIO;1;5
C4.2.1;C;4;1;2;1;1;1200;800;600;1000;VACIO;1;3
C4.2.2;C;4;2;2;1;1;1200;800;600;1000;VACIO;1;3
C4.2.3;C;4;3;2;1;1;1200;800;600;1000;VACIO;1;3
C4.2.4;C;4;4;2;1;1;1200;800;600;1000;VACIO;1;3
C4.3.0;C;4;0;3;1;1;1200;800;1000;10000;VACIO;1;5
C4.3.1;C;4;1;3;1;1;1200;800;600;1000;VACIO;1;3
C4.3.2;C;4;2;3;1;1;1200;800;600;1000;VACIO;1;3
C4.3.3;C;4;3;3;1;1;1200;800;600;1000;VACIO;1;3
C4.3.4;C;4;4;3;1;1;1200;800;600;1000;VACIO;1;3
C5.1.0;C;5;0;1;1;1;1200;800;1000;10000;VACIO;1;5
C5.1.1;C;5;1;1;1;1;1200;800;600;1000;VACIO;1;3
C5.1.2;C;5;2;1;1;1;1200;800;600;1000;VACIO;1;3
C5.1.3;C;5;3;1;1;1;1200;800;600;1000;VACIO;1;3
C5.1.4;C;5;4;1;1;1;1200;800;600;1000;VACIO;1;3
C5.2.0;C;5;0;2;1;1;1200;800;1000;10000;VACIO;1;5
C5.2.1;C;5;1;2;1;1;1200;800;600;1000;VACIO;1;3
C5.2.2;C;5;2;2;1;1;1200;800;600;1000;VACIO;1;3
C5.2.3;C;5;3;2;1;1;1200;800;600;1000;VACIO;1;3
C5.2.4;C;5;4;2;1;1;1200;800;600;1000;VACIO;1;3
C5.3.0;C;5;0;3;1;1;1200;800;1000;10000;VACIO;1;5
C5.3.1;C;5;1;3;1;1;1200;800;600;1000;VACIO;1;3
C5.3.2;C;5;2;3;1;1;1200;800;600;1000;VACIO;1;3
C5.3.3;C;5;3;3;1;1;1200;800;600;1000;VACIO;1;3
C5.3.4;C;5;4;3;1;1;1200;800;600;1000;VACIO;1;3
C6.1.0;C;6;0;1;1;1;1200;800;1000;10000;VACIO;1;5
C6.1.1;C;6;1;1;1;1;1200;800;600;1000;VACIO;1;3
C6.1.2;C;6;2;1;1;1;1200;800;600;1000;VACIO;1;3
C6.1.3;C;6;3;1;1;1;1200;800;600;1000;VACIO;1;3
C6.1.4;C;6;4;1;1;1;1200;800;600;1000;VACIO;1;3
C6.2.0;C;6;0;2;1;1;1200;800;1000;10000;VACIO;1;5
C6.2.1;C;6;1;2;1;1;1200;800;600;1000;VACIO;1;3
C6.2.2;C;6;2;2;1;1;1200;800;600;1000;VACIO;1;3
C6.2.3;C;6;3;2;1;1;1200;800;600;1000;VACIO;1;3
C6.2.4;C;6;4;2;1;1;1200;800;600;1000;VACIO;1;3
C6.3.0;C;6;0;3;1;1;1200;800;1000;10000;VACIO;1;5
C6.3.1;C;6;1;3;1;1;1200;800;600;1000;VACIO;1;3
C6.3.2;C;6;2;3;1;1;1200;800;600;1000;VACIO;1;3
C6.3.3;C;6;3;3;1;1;1200;800;600;1000;VACIO;1;3
C6.3.4;C;6;4;3;1;1;1200;800;600;1000;VACIO;1;3
C7.1.0;C;7;0;1;1;1;1200;800;1000;10000;VACIO;1;5
C7.1.1;C;7;1;1;1;1;1200;800;600;1000;VACIO;1;3
C7.1.2;C;7;2;1;1;1;1200;800;600;1000;VACIO;1;3
C7.1.3;C;7;3;1;1;1;1200;800;600;1000;VACIO;1;3
C7.1.4;C;7;4;1;1;1;1200;800;600;1000;VACIO;1;3
C7.2.0;C;7;0;2;1;1;1200;800;1000;10000;VACIO;1;5
C7.2.1;C;7;1;2;1;1;1200;800;600;1000;VACIO;1;3
C7.2.2;C;7;2;2;1;1;1200;800;600;1000;VACIO;1;3
C7.2.3;C;7;3;2;1;1;1200;800;600;1000;VACIO;1;3
C7.2.4;C;7;4;2;1;1;1200;800;600;1000;VACIO;1;3
C7.3.0;C;7;0;3;1;1;1200;800;1000;10000;VACIO;1;5
C7.3.1;C;7;1;3;1;1;1200;800;600;1000;VACIO;1;3
C7.3.2;C;7;2;3;1;1;1200;800;600;1000;VACIO;1;3
C7.3.3;C;7;3;3;1;1;1200;800;600;1000;VACIO;1;3
C7.3.4;C;7;4;3;1;1;1200;800;600;1000;VACIO;1;3
C8.1.0;C;8;0;1;1;1;1200;800;1000;10000;VACIO;1;5
C8.1.1;C;8;1;1;1;1;1200;800;600;1000;VACIO;1;3
C8.1.2;C;8;2;1;1;1;1200;800;600;1000;VACIO;1;3
C8.1.3;C;8;3;1;1;1;1200;800;600;1000;VACIO;1;3
C8.1.4;C;8;4;1;1;1;1200;800;600;1000;VACIO;1;3
C8.2.0;C;8;0;2;1;1;1200;800;1000;10000;VACIO;1;5
C8.2.1;C;8;1;2;1;1;1200;800;600;1000;VACIO;1;3
C8.2.2;C;8;2;2;1;1;1200;800;600;1000;VACIO;1;3
C8.2.3;C;8;3;2;1;1;1200;800;600;1000;VACIO;1;3
C8.2.4;C;8;4;2;1;1;1200;800;600;1000;VACIO;1;3
C8.3.0;C;8;0;3;1;1;1200;800;1000;10000;VACIO;1;5
C8.3.1;C;8;1;3;1;1;1200;800;600;1000;VACIO;1;3
C8.3.2;C;8;2;3;1;1;1200;800;600;1000;VACIO;1;3
C8.3.3;C;8;3;3;1;1;1200;800;600;1000;VACIO;1;3
C8.3.4;C;8;4;3;1;1;1200;800;600;1000;VACIO;1;3
C9.1.0;C;9;0;1;1;1;1200;800;1000;10000;VACIO;1;5
C9.1.1;C;9;1;1;1;1;1200;800;600;1000;VACIO;1;3
C9.1.2;C;9;2;1;1;1;1200;800;600;1000;VACIO;1;3
C9.1.3;C;9;3;1;1;1;1200;800;600;1000;VACIO;1;3
C9.1.4;C;9;4;1;1;1;1200;800;600;1000;VACIO;1;3
C9.2.0;C;9;0;2;1;1;1200;800;1000;10000;VACIO;1;5
C9.2.1;C;9;1;2;1;1;1200;800;600;1000;VACIO;1;3
C9.2.2;C;9;2;2;1;1;1200;800;600;1000;VACIO;1;3
C9.2.3;C;9;3;2;1;1;1200;800;600;1000;VACIO;1;3
C9.2.4;C;9;4;2;1;1;1200;800;600;1000;VACIO;1;3
C9.3.0;C;9;0;3;1;1;1200;800;1000;10000;VACIO;1;5
C9.3.1;C;9;1;3;1;1;1200;800;600;1000;VACIO;1;3
C9.3.2;C;9;2;3;1;1;1200;800;600;1000;VACIO;1;3
C9.3.3;C;9;3;3;1;1;1200;800;600;1000;VACIO;1;3
C9.3.4;C;9;4;3;1;1;1200;800;600;1000;VACIO;1;3
C10.1.0;C;10;0;1;1;1;1200;800;1000;10000;VACIO;1;5
C10.1.1;C;10;1;1;1;1;1200;800;600;1000;VACIO;1;3
C10.1.2;C;10;2;1;1;1;1200;800;600;1000;VACIO;1;3
C10.1.3;C;10;3;1;1;1;1200;800;600;1000;VACIO;1;3
C10.1.4;C;10;4;1;1;1;1200;800;600;1000;VACIO;1;3
C10.2.0;C;10;0;2;1;1;1200;800;1000;10000;VACIO;1;5
C10.2.1;C;10;1;2;1;1;1200;800;600;1000;VACIO;1;3
C10.2.2;C;10;2;2;1;1;1200;800;600;1000;VACIO;1;3
C10.2.3;C;10;3;2;1;1;1200;800;600;1000;VACIO;1;3
C10.2.4;C;10;4;2;1;1;1200;800;600;1000;VACIO;1;3
C10.3.0;C;10;0;3;1;1;1200;800;1000;10000;VACIO;1;5
C10.3.1;C;10;1;3;1;1;1200;800;600;1000;VACIO;1;3
C10.3.2;C;10;2;3;1;1;1200;800;600;1000;VACIO;1;3
C10.3.3;C;10;3;3;1;1;1200;800;600;1000;VACIO;1;3
C10.3.4;C;10;4;3;1;1;1200;800;600;1000;VACIO;1;3
C11.1.0;C;11;0;1;1;1;1200;800;1000;10000;VACIO;1;5
C11.1.1;C;11;1;1;1;1;1200;800;600;1000;VACIO;1;3
C11.1.2;C;11;2;1;1;1;1200;800;600;1000;VACIO;1;3
C11.1.3;C;11;3;1;1;1;1200;800;600;1000;VACIO;1;3
C11.1.4;C;11;4;1;1;1;1200;800;600;1000;VACIO;1;3
C11.2.0;C;11;0;2;1;1;1200;800;1000;10000;VACIO;1;5
C11.2.1;C;11;1;2;1;1;1200;800;600;1000;VACIO;1;3
C11.2.2;C;11;2;2;1;1;1200;800;600;1000;VACIO;1;3
C11.2.3;C;11;3;2;1;1;1200;800;600;1000;VACIO;1;3
C11.2.4;C;11;4;2;1;1;1200;800;600;1000;VACIO;1;3
C11.3.0;C;11;0;3;1;1;1200;800;1000;10000;VACIO;1;5
C11.3.1;C;11;1;3;1;1;1200;800;600;1000;VACIO;1;3
C11.3.2;C;11;2;3;1;1;1200;800;600;1000;VACIO;1;3
C11.3.3;C;11;3;3;1;1;1200;800;600;1000;VACIO;1;3
C11.3.4;C;11;4;3;1;1;1200;800;600;1000;VACIO;1;3
C12.1.0;C;12;0;1;1;1;1200;800;1000;10000;VACIO;1;5
C12.1.1;C;12;1;1;1;1;1200;800;600;1000;VACIO;1;3
C12.1.2;C;12;2;1;1;1;1200;800;600;1000;VACIO;1;3
C12.1.3;C;12;3;1;1;1;1200;800;600;1000;VACIO;1;3
C12.1.4;C;12;4;1;1;1;1200;800;600;1000;VACIO;1;3
C12.2.0;C;12;0;2;1;1;1200;800;1000;10000;VACIO;1;5
C12.2.1;C;12;1;2;1;1;1200;800;600;1000;VACIO;1;3
C12.2.2;C;12;2;2;1;1;1200;800;600;1000;VACIO;1;3
C12.2.3;C;12;3;2;1;1;1200;800;600;1000;VACIO;1;3
C12.2.4;C;12;4;2;1;1;1200;800;600;1000;VACIO;1;3
C12.3.0;C;12;0;3;1;1;1200;800;1000;10000;VACIO;1;5
C12.3.1;C;12;1;3;1;1;1200;800;600;1000;VACIO;1;3
C12.3.2;C;12;2;3;1;1;1200;800;600;1000;VACIO;1;3
C12.3.3;C;12;3;3;1;1;1200;800;600;1000;VACIO;1;3
C12.3.4;C;12;4;3;1;1;1200;800;600;1000;VACIO;1;3
C13.1.0;C;13;0;1;1;1;1200;800;1000;10000;VACIO;1;5
C13.1.1;C;13;1;1;1;1;1200;800;600;1000;VACIO;1;3
C13.1.2;C;13;2;1;1;1;1200;800;600;1000;VACIO;1;3
C13.1.3;C;13;3;1;1;1;1200;800;600;1000;VACIO;1;3
C13.1.4;C;13;4;1;1;1;1200;800;600;1000;VACIO;1;3
C13.2.0;C;13;0;2;1;1;1200;800;1000;10000;VACIO;1;5
C13.2.1;C;13;1;2;1;1;1200;800;600;1000;VACIO;1;3
C13.2.2;C;13;2;2;1;1;1200;800;600;1000;VACIO;1;3
C13.2.3;C;13;3;2;1;1;1200;800;600;1000;VACIO;1;3
C13.2.4;C;13;4;2;1;1;1200;800;600;1000;VACIO;1;3
C13.3.0;C;13;0;3;1;1;1200;800;1000;10000;VACIO;1;5
C13.3.1;C;13;1;3;1;1;1200;800;600;1000;VACIO;1;3
C13.3.2;C;13;2;3;1;1;1200;800;600;1000;VACIO;1;3
C13.3.3;C;13;3;3;1;1;1200;800;600;1000;VACIO;1;3
C13.3.4;C;13;4;3;1;1;1200;800;600;1000;VACIO;1;3
C14.1.0;C;14;0;1;1;1;1200;800;1000;10000;VACIO;1;5
C14.1.1;C;14;1;1;1;1;1200;800;600;1000;VACIO;1;3
C14.1.2;C;14;2;1;1;1;1200;800;600;1000;VACIO;1;3
C14.1.3;C;14;3;1;1;1;1200;800;600;1000;VACIO;1;3
C14.1.4;C;14;4;1;1;1;1200;800;600;1000;VACIO;1;3
C14.2.0;C;14;0;2;1;1;1200;800;1000;10000;VACIO;1;5
C14.2.1;C;14;1;2;1;1;1200;800;600;1000;VACIO;1;3
C14.2.2;C;14;2;2;1;1;1200;800;600;1000;VACIO;1;3
C14.2.3;C;14;3;2;1;1;1200;800;600;1000;VACIO;1;3
C14.2.4;C;14;4;2;1;1;1200;800;600;1000;VACIO;1;3
C14.3.0;C;14;0;3;1;1;1200;800;1000;10000;VACIO;1;5
C14.3.1;C;14;1;3;1;1;1200;800;600;1000;VACIO;1;3
C14.3.2;C;14;2;3;1;1;1200;800;600;1000;VACIO;1;3
C14.3.3;C;14;3;3;1;1;1200;800;600;1000;VACIO;1;3
C14.3.4;C;14;4;3;1;1;1200;800;600;1000;VACIO;1;3
C15.1.0;C;15;0;1;1;1;1200;800;1000;10000;VACIO;1;5
C15.1.1;C;15;1;1;1;1;1200;800;600;1000;VACIO;1;3
C15.1.2;C;15;2;1;1;1;1200;800;600;1000;VACIO;1;3
C15.1.3;C;15;3;1;1;1;1200;800;600;1000;VACIO;1;3
C15.1.4;C;15;4;1;1;1;1200;800;600;1000;VACIO;1;3
C15.2.0;C;15;0;2;1;1;1200;800;1000;10000;VACIO;1;5
C15.2.1;C;15;1;2;1;1;1200;800;600;1000;VACIO;1;3
C15.2.2;C;15;2;2;1;1;1200;800;600;1000;VACIO;1;3
C15.2.3;C;15;3;2;1;1;1200;800;600;1000;VACIO;1;3
C15.2.4;C;15;4;2;1;1;1200;800;600;1000;VACIO;1;3
C15.3.0;C;15;0;3;1;1;1200;800;1000;10000;VACIO;1;5
C15.3.1;C;15;1;3;1;1;1200;800;600;1000;VACIO;1;3
C15.3.2;C;15;2;3;1;1;1200;800;600;1000;VACIO;1;3
C15.3.3;C;15;3;3;1;1;1200;800;600;1000;VACIO;1;3
C15.3.4;C;15;4;3;1;1;1200;800;600;1000;VACIO;1;3
C16.1.0;C;16;0;1;1;1;1200;800;1000;10000;VACIO;1;5
C16.1.1;C;16;1;1;1;1;1200;800;600;1000;VACIO;1;3
C16.1.2;C;16;2;1;1;1;1200;800;600;1000;VACIO;1;3
C16.1.3;C;16;3;1;1;1;1200;800;600;1000;VACIO;1;3
C16.1.4;C;16;4;1;1;1;1200;800;600;1000;VACIO;1;3
C16.2.0;C;16;0;2;1;1;1200;800;1000;10000;VACIO;1;5
C16.2.1;C;16;1;2;1;1;1200;800;600;1000;VACIO;1;3
C16.2.2;C;16;2;2;1;1;1200;800;600;1000;VACIO;1;3
C16.2.3;C;16;3;2;1;1;1200;800;600;1000;VACIO;1;3
C16.2.4;C;16;4;2;1;1;1200;800;600;1000;VACIO;1;3
C16.3.0;C;16;0;3;1;1;1200;800;1000;10000;VACIO;1;5
C16.3.1;C;16;1;3;1;1;1200;800;600;1000;VACIO;1;3
C16.3.2;C;16;2;3;1;1;1200;800;600;1000;VACIO;1;3
C16.3.3;C;16;3;3;1;1;1200;800;600;1000;VACIO;1;3
C16.3.4;C;16;4;3;1;1;1200;800;600;1000;VACIO;1;3
C17.1.0;C;17;0;1;1;1;1200;800;1000;10000;VACIO;1;5
C17.1.1;C;17;1;1;1;1;1200;800;600;1000;VACIO;1;3
C17.1.2;C;17;2;1;1;1;1200;800;600;1000;VACIO;1;3
C17.1.3;C;17;3;1;1;1;1200;800;600;1000;VACIO;1;3
C17.1.4;C;17;4;1;1;1;1200;800;600;1000;VACIO;1;3
C17.2.0;C;17;0;2;1;1;1200;800;1000;10000;VACIO;1;5
C17.2.1;C;17;1;2;1;1;1200;800;600;1000;VACIO;1;3
C17.2.2;C;17;2;2;1;1;1200;800;600;1000;VACIO;1;3
C17.2.3;C;17;3;2;1;1;1200;800;600;1000;VACIO;1;3
C17.2.4;C;17;4;2;1;1;1200;800;600;1000;VACIO;1;3
C17.3.0;C;17;0;3;1;1;1200;800;1000;10000;VACIO;1;5
C17.3.1;C;17;1;3;1;1;1200;800;600;1000;VACIO;1;3
C17.3.2;C;17;2;3;1;1;1200;800;600;1000;VACIO;1;3
C17.3.3;C;17;3;3;1;1;1200;800;600;1000;VACIO;1;3
C17.3.4;C;17;4;3;1;1;1200;800;600;1000;VACIO;1;3
C18.1.0;C;18;0;1;1;1;1200;800;1000;10000;VACIO;1;5
C18.1.1;C;18;1;1;1;1;1200;800;600;1000;VACIO;1;3
C18.1.2;C;18;2;1;1;1;1200;800;600;1000;VACIO;1;3
C18.1.3;C;18;3;1;1;1;1200;800;600;1000;VACIO;1;3
C18.1.4;C;18;4;1;1;1;1200;800;600;1000;VACIO;1;3
C18.2.0;C;18;0;2;1;1;1200;800;1000;10000;VACIO;1;5
C18.2.1;C;18;1;2;1;1;1200;800;600;1000;VACIO;1;3
C18.2.2;C;18;2;2;1;1;1200;800;600;1000;VACIO;1;3
C18.2.3;C;18;3;2;1;1;1200;800;600;1000;VACIO;1;3
C18.2.4;C;18;4;2;1;1;1200;800;600;1000;VACIO;1;3
C18.3.0;C;18;0;3;1;1;1200;800;1000;10000;VACIO;1;5
C18.3.1;C;18;1;3;1;1;1200;800;600;1000;VACIO;1;3
C18.3.2;C;18;2;3;1;1;1200;800;600;1000;VACIO;1;3
C18.3.3;C;18;3;3;1;1;1200;800;600;1000;VACIO;1;3
C18.3.4;C;18;4;3;1;1;1200;800;600;1000;VACIO;1;3
C19.1.0;C;19;0;1;1;1;1200;800;1000;10000;VACIO;1;5
C19.1.1;C;19;1;1;1;1;1200;800;600;1000;VACIO;1;3
C19.1.2;C;19;2;1;1;1;1200;800;600;1000;VACIO;1;3
C19.1.3;C;19;3;1;1;1;1200;800;600;1000;VACIO;1;3
C19.1.4;C;19;4;1;1;1;1200;800;600;1000;VACIO;1;3
C19.2.0;C;19;0;2;1;1;1200;800;1000;10000;VACIO;1;5
C19.2.1;C;19;1;2;1;1;1200;800;600;1000;VACIO;1;3
C19.2.2;C;19;2;2;1;1;1200;800;600;1000;VACIO;1;3
C19.2.3;C;19;3;2;1;1;1200;800;600;1000;VACIO;1;3
C19.2.4;C;19;4;2;1;1;1200;800;600;1000;VACIO;1;3
C19.3.0;C;19;0;3;1;1;1200;800;1000;10000;VACIO;1;5
C19.3.1;C;19;1;3;1;1;1200;800;600;1000;VACIO;1;3
C19.3.2;C;19;2;3;1;1;1200;800;600;1000;VACIO;1;3
C19.3.3;C;19;3;3;1;1;1200;800;600;1000;VACIO;1;3
C19.3.4;C;19;4;3;1;1;1200;800;600;1000;VACIO;1;3
C25.1.0;C;25;0;1;1;1;1200;800;1000;10000;VACIO;1;5
C25.1.1;C;25;1;1;1;1;1200;800;600;1000;VACIO;1;3
C25.1.2;C;25;2;1;1;1;1200;800;600;1000;VACIO;1;3
C25.1.3;C;25;3;1;1;1;1200;800;600;1000;VACIO;1;3
C25.1.4;C;25;4;1;1;1;1200;800;600;1000;VACIO;1;3
C25.1.5;C;25;5;1;1;1;1200;800;600;1000;VACIO;1;3
C25.1.6;C;25;6;1;1;1;1200;800;600;1000;VACIO;1;3
C25.2.0;C;25;0;2;1;1;1200;800;1000;10000;VACIO;1;5
C25.2.1;C;25;1;2;1;1;1200;800;600;1000;VACIO;1;3
C25.2.2;C;25;2;2;1;1;1200;800;600;1000;VACIO;1;3
C25.2.3;C;25;3;2;1;1;1200;800;600;1000;VACIO;1;3
C25.2.4;C;25;4;2;1;1;1200;800;600;1000;VACIO;1;3
C25.2.5;C;25;5;2;1;1;1200;800;600;1000;VACIO;1;3
C25.2.6;C;25;6;2;1;1;1200;800;600;1000;VACIO;1;3
C25.3.0;C;25;0;3;1;1;1200;800;1000;10000;VACIO;1;5
C25.3.1;C;25;1;3;1;1;1200;800;600;1000;VACIO;1;3
C25.3.2;C;25;2;3;1;1;1200;800;600;1000;VACIO;1;3
C25.3.3;C;25;3;3;1;1;1200;800;600;1000;VACIO;1;3
C25.3.4;C;25;4;3;1;1;1200;800;600;1000;VACIO;1;3
C25.3.5;C;25;5;3;1;1;1200;800;600;1000;VACIO;1;3
C25.3.6;C;25;6;3;1;1;1200;800;600;1000;VACIO;1;3
