Codigo_Ubicacion;Estanteria;Modulo;Altura;Sububicacion;Activo;ID_tipo_ubica;largo_max_m;ancho_max_r;altura_max_n;peso_max_kg;Estado;Id_Almacen;Contenedores_p
A1.1.0;A;1;0;1;1;1;1200;800;1000;10000;VACIO;1;5
A1.1.1;A;1;1;1;1;1;1200;800;600;1000;VACIO;1;3
A1.1.2;A;1;2;1;1;1;1200;800;600;1000;VACIO;1;3
A1.1.3;A;1;3;1;1;1;1200;800;600;1000;VACIO;1;3
A1.1.4;A;1;4;1;1;1;1200;800;600;1000;VACIO;1;3
A1.1.5;A;1;5;1;1;1;1200;800;600;1000;VACIO;1;3
A1.1.6;A;1;6;1;1;1;1200;800;600;1000;VACIO;1;3
A1.2.0;A;1;0;2;1;1;1200;800;1000;10000;VACIO;1;5
A1.2.1;A;1;1;2;1;1;1200;800;600;1000;VACIO;1;3
A1.2.2;A;1;2;2;1;1;1200;800;600;1000;VACIO;1;3
A1.2.3;A;1;3;2;1;1;1200;800;600;1000;VACIO;1;3
A1.2.4;A;1;4;2;1;1;1200;800;600;1000;VACIO;1;3
A1.2.5;A;1;5;2;1;1;1200;800;600;1000;VACIO;1;3
A1.2.6;A;1;6;2;1;1;1200;800;600;1000;VACIO;1;3
A1.3.0;A;1;0;3;1;1;1200;800;1000;10000;VACIO;1;5
A1.3.1;A;1;1;3;1;1;1200;800;600;1000;VACIO;1;3
A1.3.2;A;1;2;3;1;1;1200;800;600;1000;VACIO;1;3
A1.3.3;A;1;3;3;1;1;1200;800;600;1000;VACIO;1;3
A1.3.4;A;1;4;3;1;1;1200;800;600;1000;VACIO;1;3
A1.3.5;A;1;5;3;1;1;1200;800;600;1000;VACIO;1;3
A1.3.6;A;1;6;3;1;1;1200;800;600;1000;VACIO;1;3
A2.1.0;A;2;0;1;1;1;1200;800;1000;10000;VACIO;1;5
A2.1.1;A;2;1;1;1;1;1200;800;600;1000;VACIO;1;3
A2.1.2;A;2;2;1;1;1;1200;800;600;1000;VACIO;1;3
A2.1.3;A;2;3;1;1;1;1200;800;600;1000;VACIO;1;3
A2.1.4;A;2;4;1;1;1;1200;800;600;1000;VACIO;1;3
A2.1.5;A;2;5;1;1;1;1200;800;600;1000;VACIO;1;3
A2.1.6;A;2;6;1;1;1;1200;800;600;1000;VACIO;1;3
A2.2.0;A;2;0;2;1;1;1200;800;1000;10000;VACIO;1;5
A2.2.1;A;2;1;2;1;1;1200;800;600;1000;VACIO;1;3
A2.2.2;A;2;2;2;1;1;1200;800;600;1000;VACIO;1;3
A2.2.3;A;2;3;2;1;1;1200;800;600;1000;VACIO;1;3
A2.2.4;A;2;4;2;1;1;1200;800;600;1000;VACIO;1;3
A2.2.5;A;2;5;2;1;1;1200;800;600;1000;VACIO;1;3
A2.2.6;A;2;6;2;1;1;1200;800;600;1000;VACIO;1;3
A2.3.0;A;2;0;3;1;1;1200;800;1000;10000;VACIO;1;5
A2.3.1;A;2;1;3;1;1;1200;800;600;1000;VACIO;1;3
A2.3.2;A;2;2;3;1;1;1200;800;600;1000;VACIO;1;3
A2.3.3;A;2;3;3;1;1;1200;800;600;1000;VACIO;1;3
A2.3.4;A;2;4;3;1;1;1200;800;600;1000;VACIO;1;3
A2.3.5;A;2;5;3;1;1;1200;800;600;1000;VACIO;1;3
A2.3.6;A;2;6;3;1;1;1200;800;600;1000;VACIO;1;3
A3.1.0;A;3;0;1;1;1;1200;800;1000;10000;VACIO;1;5
A3.1.1;A;3;1;1;1;1;1200;800;600;1000;VACIO;1;3
A3.1.2;A;3;2;1;1;1;1200;800;600;1000;VACIO;1;3
A3.1.3;A;3;3;1;1;1;1200;800;600;1000;VACIO;1;3
A3.1.4;A;3;4;1;1;1;1200;800;600;1000;VACIO;1;3
A3.1.5;A;3;5;1;1;1;1200;800;600;1000;VACIO;1;3
A3.1.6;A;3;6;1;1;1;1200;800;600;1000;VACIO;1;3
A3.2.0;A;3;0;2;1;1;1200;800;1000;10000;VACIO;1;5
A3.2.1;A;3;1;2;1;1;1200;800;600;1000;VACIO;1;3
A3.2.2;A;3;2;2;1;1;1200;800;600;1000;VACIO;1;3
A3.2.3;A;3;3;2;1;1;1200;800;600;1000;VACIO;1;3
A3.2.4;A;3;4;2;1;1;1200;800;600;1000;VACIO;1;3
A3.2.5;A;3;5;2;1;1;1200;800;600;1000;VACIO;1;3
A3.2.6;A;3;6;2;1;1;1200;800;600;1000;VACIO;1;3
A3.3.0;A;3;0;3;1;1;1200;800;1000;10000;VACIO;1;5
A3.3.1;A;3;1;3;1;1;1200;800;600;1000;VACIO;1;3
A3.3.2;A;3;2;3;1;1;1200;800;600;1000;VACIO;1;3
A3.3.3;A;3;3;3;1;1;1200;800;600;1000;VACIO;1;3
A3.3.4;A;3;4;3;1;1;1200;800;600;1000;VACIO;1;3
A3.3.5;A;3;5;3;1;1;1200;800;600;1000;VACIO;1;3
A3.3.6;A;3;6;3;1;1;1200;800;600;1000;VACIO;1;3
A4.1.0;A;4;0;1;1;1;1200;800;1000;10000;VACIO;1;5
A4.1.1;A;4;1;1;1;1;1200;800;600;1000;VACIO;1;3
A4.1.2;A;4;2;1;1;1;1200;800;600;1000;VACIO;1;3
A4.1.3;A;4;3;1;1;1;1200;800;600;1000;VACIO;1;3
A4.1.4;A;4;4;1;1;1;1200;800;600;1000;VACIO;1;3
A4.1.5;A;4;5;1;1;1;1200;800;600;1000;VACIO;1;3
A4.1.6;A;4;6;1;1;1;1200;800;600;1000;VACIO;1;3
A4.2.0;A;4;0;2;1;1;1200;800;1000;10000;VACIO;1;5
A4.2.1;A;4;1;2;1;1;1200;800;600;1000;VACIO;1;3
A4.2.2;A;4;2;2;1;1;1200;800;600;1000;VACIO;1;3
A4.2.3;A;4;3;2;1;1;1200;800;600;1000;VACIO;1;3
A4.2.4;A;4;4;2;1;1;1200;800;600;1000;VACIO;1;3
A4.2.5;A;4;5;2;1;1;1200;800;600;1000;VACIO;1;3
A4.2.6;A;4;6;2;1;1;1200;800;600;1000;VACIO;1;3
A4.3.0;A;4;0;3;1;1;1200;800;1000;10000;VACIO;1;5
A4.3.1;A;4;1;3;1;1;1200;800;600;1000;VACIO;1;3
A4.3.2;A;4;2;3;1;1;1200;800;600;1000;VACIO;1;3
A4.3.3;A;4;3;3;1;1;1200;800;600;1000;VACIO;1;3
A4.3.4;A;4;4;3;1;1;1200;800;600;1000;VACIO;1;3
A4.3.5;A;4;5;3;1;1;1200;800;600;1000;VACIO;1;3
A4.3.6;A;4;6;3;1;1;1200;800;600;1000;VACIO;1;3
A5.1.0;A;5;0;1;1;1;1200;800;1000;10000;VACIO;1;5
A5.1.1;A;5;1;1;1;1;1200;800;600;1000;VACIO;1;3
A5.1.2;A;5;2;1;1;1;1200;800;600;1000;VACIO;1;3
A5.1.3;A;5;3;1;1;1;1200;800;600;1000;VACIO;1;3
A5.1.4;A;5;4;1;1;1;1200;800;600;1000;VACIO;1;3
A5.1.5;A;5;5;1;1;1;1200;800;600;1000;VACIO;1;3
A5.1.6;A;5;6;1;1;1;1200;800;600;1000;VACIO;1;3
A5.2.0;A;5;0;2;1;1;1200;800;1000;10000;VACIO;1;5
A5.2.1;A;5;1;2;1;1;1200;800;600;1000;VACIO;1;3
A5.2.2;A;5;2;2;1;1;1200;800;600;1000;VACIO;1;3
A5.2.3;A;5;3;2;1;1;1200;800;600;1000;VACIO;1;3
A5.2.4;A;5;4;2;1;1;1200;800;600;1000;VACIO;1;3
A5.2.5;A;5;5;2;1;1;1200;800;600;1000;VACIO;1;3
A5.2.6;A;5;6;2;1;1;1200;800;600;1000;VACIO;1;3
A5.3.0;A;5;0;3;1;1;1200;800;1000;10000;VACIO;1;5
A5.3.1;A;5;1;3;1;1;1200;800;600;1000;VACIO;1;3
A5.3.2;A;5;2;3;1;1;1200;800;600;1000;VACIO;1;3
A5.3.3;A;5;3;3;1;1;1200;800;600;1000;VACIO;1;3
A5.3.4;A;5;4;3;1;1;1200;800;600;1000;VACIO;1;3
A5.3.5;A;5;5;3;1;1;1200;800;600;1000;VACIO;1;3
A5.3.6;A;5;6;3;1;1;1200;800;600;1000;VACIO;1;3
A6.1.0;A;6;0;1;1;1;1200;800;1000;10000;VACIO;1;5
A6.1.1;A;6;1;1;1;1;1200;800;600;1000;VACIO;1;3
A6.1.2;A;6;2;1;1;1;1200;800;600;1000;VACIO;1;3
A6.1.3;A;6;3;1;1;1;1200;800;600;1000;VACIO;1;3
A6.1.4;A;6;4;1;1;1;1200;800;600;1000;VACIO;1;3
A6.1.5;A;6;5;1;1;1;1200;800;600;1000;VACIO;1;3
A6.1.6;A;6;6;1;1;1;1200;800;600;1000;VACIO;1;3
A6.2.0;A;6;0;2;1;1;1200;800;1000;10000;VACIO;1;5
A6.2.1;A;6;1;2;1;1;1200;800;600;1000;VACIO;1;3
A6.2.2;A;6;2;2;1;1;1200;800;600;1000;VACIO;1;3
A6.2.3;A;6;3;2;1;1;1200;800;600;1000;VACIO;1;3
A6.2.4;A;6;4;2;1;1;1200;800;600;1000;VACIO;1;3
A6.2.5;A;6;5;2;1;1;1200;800;600;1000;VACIO;1;3
A6.2.6;A;6;6;2;1;1;1200;800;600;1000;VACIO;1;3
A6.3.0;A;6;0;3;1;1;1200;800;1000;10000;VACIO;1;5
A6.3.1;A;6;1;3;1;1;1200;800;600;1000;VACIO;1;3
A6.3.2;A;6;2;3;1;1;1200;800;600;1000;VACIO;1;3
A6.3.3;A;6;3;3;1;1;1200;800;600;1000;VACIO;1;3
A6.3.4;A;6;4;3;1;1;1200;800;600;1000;VACIO;1;3
A6.3.5;A;6;5;3;1;1;1200;800;600;1000;VACIO;1;3
A6.3.6;A;6;6;3;1;1;1200;800;600;1000;VACIO;1;3
A7.1.0;A;7;0;1;1;1;1200;800;1000;10000;VACIO;1;5
A7.1.1;A;7;1;1;1;1;1200;800;600;1000;VACIO;1;3
A7.1.2;A;7;2;1;1;1;1200;800;600;1000;VACIO;1;3
A7.1.3;A;7;3;1;1;1;1200;800;600;1000;VACIO;1;3
A7.1.4;A;7;4;1;1;1;1200;800;600;1000;VACIO;1;3
A7.1.5;A;7;5;1;1;1;1200;800;600;1000;VACIO;1;3
A7.1.6;A;7;6;1;1;1;1200;800;600;1000;VACIO;1;3
A7.2.0;A;7;0;2;1;1;1200;800;1000;10000;VACIO;1;5
A7.2.1;A;7;1;2;1;1;1200;800;600;1000;VACIO;1;3
A7.2.2;A;7;2;2;1;1;1200;800;600;1000;VACIO;1;3
A7.2.3;A;7;3;2;1;1;1200;800;600;1000;VACIO;1;3
A7.2.4;A;7;4;2;1;1;1200;800;600;1000;VACIO;1;3
A7.2.5;A;7;5;2;1;1;1200;800;600;1000;VACIO;1;3
A7.2.6;A;7;6;2;1;1;1200;800;600;1000;VACIO;1;3
A7.3.0;A;7;0;3;1;1;1200;800;1000;10000;VACIO;1;5
A7.3.1;A;7;1;3;1;1;1200;800;600;1000;VACIO;1;3
A7.3.2;A;7;2;3;1;1;1200;800;600;1000;VACIO;1;3
A7.3.3;A;7;3;3;1;1;1200;800;600;1000;VACIO;1;3
A7.3.4;A;7;4;3;1;1;1200;800;600;1000;VACIO;1;3
A7.3.5;A;7;5;3;1;1;1200;800;600;1000;VACIO;1;3
A7.3.6;A;7;6;3;1;1;1200;800;600;1000;VACIO;1;3
A8.1.0;A;8;0;1;1;1;1200;800;1000;10000;VACIO;1;5
A8.1.1;A;8;1;1;1;1;1200;800;600;1000;VACIO;1;3
A8.1.2;A;8;2;1;1;1;1200;800;600;1000;VACIO;1;3
A8.1.3;A;8;3;1;1;1;1200;800;600;1000;VACIO;1;3
A8.1.4;A;8;4;1;1;1;1200;800;600;1000;VACIO;1;3
A8.1.5;A;8;5;1;1;1;1200;800;600;1000;VACIO;1;3
A8.1.6;A;8;6;1;1;1;1200;800;600;1000;VACIO;1;3
A8.2.0;A;8;0;2;1;1;1200;800;1000;10000;VACIO;1;5
A8.2.1;A;8;1;2;1;1;1200;800;600;1000;VACIO;1;3
A8.2.2;A;8;2;2;1;1;1200;800;600;1000;VACIO;1;3
A8.2.3;A;8;3;2;1;1;1200;800;600;1000;VACIO;1;3
A8.2.4;A;8;4;2;1;1;1200;800;600;1000;VACIO;1;3
A8.2.5;A;8;5;2;1;1;1200;800;600;1000;VACIO;1;3
A8.2.6;A;8;6;2;1;1;1200;800;600;1000;VACIO;1;3
A8.3.0;A;8;0;3;1;1;1200;800;1000;10000;VACIO;1;5
A8.3.1;A;8;1;3;1;1;1200;800;600;1000;VACIO;1;3
A8.3.2;A;8;2;3;1;1;1200;800;600;1000;VACIO;1;3
A8.3.3;A;8;3;3;1;1;1200;800;600;1000;VACIO;1;3
A8.3.4;A;8;4;3;1;1;1200;800;600;1000;VACIO;1;3
A8.3.5;A;8;5;3;1;1;1200;800;600;1000;VACIO;1;3
A8.3.6;A;8;6;3;1;1;1200;800;600;1000;VACIO;1;3
A9.1.0;A;9;0;1;1;1;1200;800;1000;10000;VACIO;1;5
A9.1.1;A;9;1;1;1;1;1200;800;600;1000;VACIO;1;3
A9.1.2;A;9;2;1;1;1;1200;800;600;1000;VACIO;1;3
A9.1.3;A;9;3;1;1;1;1200;800;600;1000;VACIO;1;3
A9.1.4;A;9;4;1;1;1;1200;800;600;1000;VACIO;1;3
A9.1.5;A;9;5;1;1;1;1200;800;600;1000;VACIO;1;3
A9.1.6;A;9;6;1;1;1;1200;800;600;1000;VACIO;1;3
A9.2.0;A;9;0;2;1;1;1200;800;1000;10000;VACIO;1;5
A9.2.1;A;9;1;2;1;1;1200;800;600;1000;VACIO;1;3
A9.2.2;A;9;2;2;1;1;1200;800;600;1000;VACIO;1;3
A9.2.3;A;9;3;2;1;1;1200;800;600;1000;VACIO;1;3
A9.2.4;A;9;4;2;1;1;1200;800;600;1000;VACIO;1;3
A9.2.5;A;9;5;2;1;1;1200;800;600;1000;VACIO;1;3
A9.2.6;A;9;6;2;1;1;1200;800;600;1000;VACIO;1;3
A9.3.0;A;9;0;3;1;1;1200;800;1000;10000;VACIO;1;5
A9.3.1;A;9;1;3;1;1;1200;800;600;1000;VACIO;1;3
A9.3.2;A;9;2;3;1;1;1200;800;600;1000;VACIO;1;3
A9.3.3;A;9;3;3;1;1;1200;800;600;1000;VACIO;1;3
A9.3.4;A;9;4;3;1;1;1200;800;600;1000;VACIO;1;3
A9.3.5;A;9;5;3;1;1;1200;800;600;1000;VACIO;1;3
A9.3.6;A;9;6;3;1;1;1200;800;600;1000;VACIO;1;3
A10.1.0;A;10;0;1;1;1;1200;800;1000;10000;VACIO;1;5
A10.1.1;A;10;1;1;1;1;1200;800;600;1000;VACIO;1;3
A10.1.2;A;10;2;1;1;1;1200;800;600;1000;VACIO;1;3
A10.1.3;A;10;3;1;1;1;1200;800;600;1000;VACIO;1;3
A10.1.4;A;10;4;1;1;1;1200;800;600;1000;VACIO;1;3
A10.1.5;A;10;5;1;1;1;1200;800;600;1000;VACIO;1;3
A10.1.6;A;10;6;1;1;1;1200;800;600;1000;VACIO;1;3
A10.2.0;A;10;0;2;1;1;1200;800;1000;10000;VACIO;1;5
A10.2.1;A;10;1;2;1;1;1200;800;600;1000;VACIO;1;3
A10.2.2;A;10;2;2;1;1;1200;800;600;1000;VACIO;1;3
A10.2.3;A;10;3;2;1;1;1200;800;600;1000;VACIO;1;3
A10.2.4;A;10;4;2;1;1;1200;800;600;1000;VACIO;1;3
A10.2.5;A;10;5;2;1;1;1200;800;600;1000;VACIO;1;3
A10.2.6;A;10;6;2;1;1;1200;800;600;1000;VACIO;1;3
A10.3.0;A;10;0;3;1;1;1200;800;1000;10000;VACIO;1;5
A10.3.1;A;10;1;3;1;1;1200;800;600;1000;VACIO;1;3
A10.3.2;A;10;2;3;1;1;1200;800;600;1000;VACIO;1;3
A10.3.3;A;10;3;3;1;1;1200;800;600;1000;VACIO;1;3
A10.3.4;A;10;4;3;1;1;1200;800;600;1000;VACIO;1;3
A10.3.5;A;10;5;3;1;1;1200;800;600;1000;VACIO;1;3
A10.3.6;A;10;6;3;1;1;1200;800;600;1000;VACIO;1;3
A11.1.0;A;11;0;1;1;1;1200;800;1000;10000;VACIO;1;5
A11.1.1;A;11;1;1;1;1;1200;800;600;1000;VACIO;1;3
A11.1.2;A;11;2;1;1;1;1200;800;600;1000;VACIO;1;3
A11.1.3;A;11;3;1;1;1;1200;800;600;1000;VACIO;1;3
A11.1.4;A;11;4;1;1;1;1200;800;600;1000;VACIO;1;3
A11.1.5;A;11;5;1;1;1;1200;800;600;1000;VACIO;1;3
A11.1.6;A;11;6;1;1;1;1200;800;600;1000;VACIO;1;3
A11.2.0;A;11;0;2;1;1;1200;800;1000;10000;VACIO;1;5
A11.2.1;A;11;1;2;1;1;1200;800;600;1000;VACIO;1;3
A11.2.2;A;11;2;2;1;1;1200;800;600;1000;VACIO;1;3
A11.2.3;A;11;3;2;1;1;1200;800;600;1000;VACIO;1;3
A11.2.4;A;11;4;2;1;1;1200;800;600;1000;VACIO;1;3
A11.2.5;A;11;5;2;1;1;1200;800;600;1000;VACIO;1;3
A11.2.6;A;11;6;2;1;1;1200;800;600;1000;VACIO;1;3
A11.3.0;A;11;0;3;1;1;1200;800;1000;10000;VACIO;1;5
A11.3.1;A;11;1;3;1;1;1200;800;600;1000;VACIO;1;3
A11.3.2;A;11;2;3;1;1;1200;800;600;1000;VACIO;1;3
A11.3.3;A;11;3;3;1;1;1200;800;600;1000;VACIO;1;3
A11.3.4;A;11;4;3;1;1;1200;800;600;1000;VACIO;1;3
A11.3.5;A;11;5;3;1;1;1200;800;600;1000;VACIO;1;3
A11.3.6;A;11;6;3;1;1;1200;800;600;1000;VACIO;1;3
A12.1.0;A;12;0;1;1;1;1200;800;1000;10000;VACIO;1;5
A12.1.1;A;12;1;1;1;1;1200;800;600;1000;VACIO;1;3
A12.1.2;A;12;2;1;1;1;1200;800;600;1000;VACIO;1;3
A12.1.3;A;12;3;1;1;1;1200;800;600;1000;VACIO;1;3
A12.1.4;A;12;4;1;1;1;1200;800;600;1000;VACIO;1;3
A12.1.5;A;12;5;1;1;1;1200;800;600;1000;VACIO;1;3
A12.1.6;A;12;6;1;1;1;1200;800;600;1000;VACIO;1;3
A12.2.0;A;12;0;2;1;1;1200;800;1000;10000;VACIO;1;5
A12.2.1;A;12;1;2;1;1;1200;800;600;1000;VACIO;1;3
A12.2.2;A;12;2;2;1;1;1200;800;600;1000;VACIO;1;3
A12.2.3;A;12;3;2;1;1;1200;800;600;1000;VACIO;1;3
A12.2.4;A;12;4;2;1;1;1200;800;600;1000;VACIO;1;3
A12.2.5;A;12;5;2;1;1;1200;800;600;1000;VACIO;1;3
A12.2.6;A;12;6;2;1;1;1200;800;600;1000;VACIO;1;3
A12.3.0;A;12;0;3;1;1;1200;800;1000;10000;VACIO;1;5
A12.3.1;A;12;1;3;1;1;1200;800;600;1000;VACIO;1;3
A12.3.2;A;12;2;3;1;1;1200;800;600;1000;VACIO;1;3
A12.3.3;A;12;3;3;1;1;1200;800;600;1000;VACIO;1;3
A12.3.4;A;12;4;3;1;1;1200;800;600;1000;VACIO;1;3
A12.3.5;A;12;5;3;1;1;1200;800;600;1000;VACIO;1;3
A12.3.6;A;12;6;3;1;1;1200;800;600;1000;VACIO;1;3
A13.1.0;A;13;0;1;1;1;1200;800;1000;10000;VACIO;1;5
A13.1.1;A;13;1;1;1;1;1200;800;600;1000;VACIO;1;3
A13.1.2;A;13;2;1;1;1;1200;800;600;1000;VACIO;1;3
A13.1.3;A;13;3;1;1;1;1200;800;600;1000;VACIO;1;3
A13.1.4;A;13;4;1;1;1;1200;800;600;1000;VACIO;1;3
A13.1.5;A;13;5;1;1;1;1200;800;600;1000;VACIO;1;3
A13.1.6;A;13;6;1;1;1;1200;800;600;1000;VACIO;1;3
A13.2.0;A;13;0;2;1;1;1200;800;1000;10000;VACIO;1;5
A13.2.1;A;13;1;2;1;1;1200;800;600;1000;VACIO;1;3
A13.2.2;A;13;2;2;1;1;1200;800;600;1000;VACIO;1;3
A13.2.3;A;13;3;2;1;1;1200;800;600;1000;VACIO;1;3
A13.2.4;A;13;4;2;1;1;1200;800;600;1000;VACIO;1;3
A13.2.5;A;13;5;2;1;1;1200;800;600;1000;VACIO;1;3
A13.2.6;A;13;6;2;1;1;1200;800;600;1000;VACIO;1;3
A13.3.0;A;13;0;3;1;1;1200;800;1000;10000;VACIO;1;5
A13.3.1;A;13;1;3;1;1;1200;800;600;1000;VACIO;1;3
A13.3.2;A;13;2;3;1;1;1200;800;600;1000;VACIO;1;3
A13.3.3;A;13;3;3;1;1;1200;800;600;1000;VACIO;1;3
A13.3.4;A;13;4;3;1;1;1200;800;600;1000;VACIO;1;3
A13.3.5;A;13;5;3;1;1;1200;800;600;1000;VACIO;1;3
A13.3.6;A;13;6;3;1;1;1200;800;600;1000;VACIO;1;3
A14.1.0;A;14;0;1;1;1;1200;800;1000;10000;VACIO;1;5
A14.1.1;A;14;1;1;1;1;1200;800;600;1000;VACIO;1;3
A14.1.2;A;14;2;1;1;1;1200;800;600;1000;VACIO;1;3
A14.1.3;A;14;3;1;1;1;1200;800;600;1000;VACIO;1;3
A14.1.4;A;14;4;1;1;1;1200;800;600;1000;VACIO;1;3
A14.1.5;A;14;5;1;1;1;1200;800;600;1000;VACIO;1;3
A14.1.6;A;14;6;1;1;1;1200;800;600;1000;VACIO;1;3
A14.2.0;A;14;0;2;1;1;1200;800;1000;10000;VACIO;1;5
A14.2.1;A;14;1;2;1;1;1200;800;600;1000;VACIO;1;3
A14.2.2;A;14;2;2;1;1;1200;800;600;1000;VACIO;1;3
A14.2.3;A;14;3;2;1;1;1200;800;600;1000;VACIO;1;3
A14.2.4;A;14;4;2;1;1;1200;800;600;1000;VACIO;1;3
A14.2.5;A;14;5;2;1;1;1200;800;600;1000;VACIO;1;3
A14.2.6;A;14;6;2;1;1;1200;800;600;1000;VACIO;1;3
A14.3.0;A;14;0;3;1;1;1200;800;1000;10000;VACIO;1;5
A14.3.1;A;14;1;3;1;1;1200;800;600;1000;VACIO;1;3
A14.3.2;A;14;2;3;1;1;1200;800;600;1000;VACIO;1;3
A14.3.3;A;14;3;3;1;1;1200;800;600;1000;VACIO;1;3
A14.3.4;A;14;4;3;1;1;1200;800;600;1000;VACIO;1;3
A14.3.5;A;14;5;3;1;1;1200;800;600;1000;VACIO;1;3
A14.3.6;A;14;6;3;1;1;1200;800;600;1000;VACIO;1;3
A15.1.0;A;15;0;1;1;1;1200;800;1000;10000;VACIO;1;5
A15.1.1;A;15;1;1;1;1;1200;800;600;1000;VACIO;1;3
A15.1.2;A;15;2;1;1;1;1200;800;600;1000;VACIO;1;3
A15.1.3;A;15;3;1;1;1;1200;800;600;1000;VACIO;1;3
A15.1.4;A;15;4;1;1;1;1200;800;600;1000;VACIO;1;3
A15.1.5;A;15;5;1;1;1;1200;800;600;1000;VACIO;1;3
A15.1.6;A;15;6;1;1;1;1200;800;600;1000;VACIO;1;3
A15.2.0;A;15;0;2;1;1;1200;800;1000;10000;VACIO;1;5
A15.2.1;A;15;1;2;1;1;1200;800;600;1000;VACIO;1;3
A15.2.2;A;15;2;2;1;1;1200;800;600;1000;VACIO;1;3
A15.2.3;A;15;3;2;1;1;1200;800;600;1000;VACIO;1;3
A15.2.4;A;15;4;2;1;1;1200;800;600;1000;VACIO;1;3
A15.2.5;A;15;5;2;1;1;1200;800;600;1000;VACIO;1;3
A15.2.6;A;15;6;2;1;1;1200;800;600;1000;VACIO;1;3
A15.3.0;A;15;0;3;1;1;1200;800;1000;10000;VACIO;1;5
A15.3.1;A;15;1;3;1;1;1200;800;600;1000;VACIO;1;3
A15.3.2;A;15;2;3;1;1;1200;800;600;1000;VACIO;1;3
A15.3.3;A;15;3;3;1;1;1200;800;600;1000;VACIO;1;3
A15.3.4;A;15;4;3;1;1;1200;800;600;1000;VACIO;1;3
A15.3.5;A;15;5;3;1;1;1200;800;600;1000;VACIO;1;3
A15.3.6;A;15;6;3;1;1;1200;800;600;1000;VACIO;1;3
A16.1.0;A;16;0;1;1;1;1200;800;1000;10000;VACIO;1;5
A16.1.1;A;16;1;1;1;1;1200;800;600;1000;VACIO;1;3
A16.1.2;A;16;2;1;1;1;1200;800;600;1000;VACIO;1;3
A16.1.3;A;16;3;1;1;1;1200;800;600;1000;VACIO;1;3
A16.1.4;A;16;4;1;1;1;1200;800;600;1000;VACIO;1;3
A16.1.5;A;16;5;1;1;1;1200;800;600;1000;VACIO;1;3
A16.1.6;A;16;6;1;1;1;1200;800;600;1000;VACIO;1;3
A16.2.0;A;16;0;2;1;1;1200;800;1000;10000;VACIO;1;5
A16.2.1;A;16;1;2;1;1;1200;800;600;1000;VACIO;1;3
A16.2.2;A;16;2;2;1;1;1200;800;600;1000;VACIO;1;3
A16.2.3;A;16;3;2;1;1;1200;800;600;1000;VACIO;1;3
A16.2.4;A;16;4;2;1;1;1200;800;600;1000;VACIO;1;3
A16.2.5;A;16;5;2;1;1;1200;800;600;1000;VACIO;1;3
A16.2.6;A;16;6;2;1;1;1200;800;600;1000;VACIO;1;3
A16.3.0;A;16;0;3;1;1;1200;800;1000;10000;VACIO;1;5
A16.3.1;A;16;1;3;1;1;1200;800;600;1000;VACIO;1;3
A16.3.2;A;16;2;3;1;1;1200;800;600;1000;VACIO;1;3
A16.3.3;A;16;3;3;1;1;1200;800;600;1000;VACIO;1;3
A16.3.4;A;16;4;3;1;1;1200;800;600;1000;VACIO;1;3
A16.3.5;A;16;5;3;1;1;1200;800;600;1000;VACIO;1;3
A16.3.6;A;16;6;3;1;1;1200;800;600;1000;VACIO;1;3
A17.1.0;A;17;0;1;1;1;1200;800;1000;10000;VACIO;1;5
A17.1.1;A;17;1;1;1;1;1200;800;600;1000;VACIO;1;3
A17.1.2;A;17;2;1;1;1;1200;800;600;1000;VACIO;1;3
A17.1.3;A;17;3;1;1;1;1200;800;600;1000;VACIO;1;3
A17.1.4;A;17;4;1;1;1;1200;800;600;1000;VACIO;1;3
A17.1.5;A;17;5;1;1;1;1200;800;600;1000;VACIO;1;3
A17.1.6;A;17;6;1;1;1;1200;800;600;1000;VACIO;1;3
A17.2.0;A;17;0;2;1;1;1200;800;1000;10000;VACIO;1;5
A17.2.1;A;17;1;2;1;1;1200;800;600;1000;VACIO;1;3
A17.2.2;A;17;2;2;1;1;1200;800;600;1000;VACIO;1;3
A17.2.3;A;17;3;2;1;1;1200;800;600;1000;VACIO;1;3
A17.2.4;A;17;4;2;1;1;1200;800;600;1000;VACIO;1;3
A17.2.5;A;17;5;2;1;1;1200;800;600;1000;VACIO;1;3
A17.2.6;A;17;6;2;1;1;1200;800;600;1000;VACIO;1;3
A17.3.0;A;17;0;3;1;1;1200;800;1000;10000;VACIO;1;5
A17.3.1;A;17;1;3;1;1;1200;800;600;1000;VACIO;1;3
A17.3.2;A;17;2;3;1;1;1200;800;600;1000;VACIO;1;3
A17.3.3;A;17;3;3;1;1;1200;800;600;1000;VACIO;1;3
A17.3.4;A;17;4;3;1;1;1200;800;600;1000;VACIO;1;3
A17.3.5;A;17;5;3;1;1;1200;800;600;1000;VACIO;1;3
A17.3.6;A;17;6;3;1;1;1200;800;600;1000;VACIO;1;3
A18.1.0;A;18;0;1;1;1;1200;800;1000;10000;VACIO;1;5
A18.1.1;A;18;1;1;1;1;1200;800;600;1000;VACIO;1;3
A18.1.2;A;18;2;1;1;1;1200;800;600;1000;VACIO;1;3
A18.1.3;A;18;3;1;1;1;1200;800;600;1000;VACIO;1;3
A18.1.4;A;18;4;1;1;1;1200;800;600;1000;VACIO;1;3
A18.1.5;A;18;5;1;1;1;1200;800;600;1000;VACIO;1;3
A18.1.6;A;18;6;1;1;1;1200;800;600;1000;VACIO;1;3
A18.2.0;A;18;0;2;1;1;1200;800;1000;10000;VACIO;1;5
A18.2.1;A;18;1;2;1;1;1200;800;600;1000;VACIO;1;3
A18.2.2;A;18;2;2;1;1;1200;800;600;1000;VACIO;1;3
A18.2.3;A;18;3;2;1;1;1200;800;600;1000;VACIO;1;3
A18.2.4;A;18;4;2;1;1;1200;800;600;1000;VACIO;1;3
A18.2.5;A;18;5;2;1;1;1200;800;600;1000;VACIO;1;3
A18.2.6;A;18;6;2;1;1;1200;800;600;1000;VACIO;1;3
A18.3.0;A;18;0;3;1;1;1200;800;1000;10000;VACIO;1;5
A18.3.1;A;18;1;3;1;1;1200;800;600;1000;VACIO;1;3
A18.3.2;A;18;2;3;1;1;1200;800;600;1000;VACIO;1;3
A18.3.3;A;18;3;3;1;1;1200;800;600;1000;VACIO;1;3
A18.3.4;A;18;4;3;1;1;1200;800;600;1000;VACIO;1;3
A18.3.5;A;18;5;3;1;1;1200;800;600;1000;VACIO;1;3
A18.3.6;A;18;6;3;1;1;1200;800;600;1000;VACIO;1;3
A19.1.0;A;19;0;1;1;1;1200;800;1000;10000;VACIO;1;5
A19.1.1;A;19;1;1;1;1;1200;800;600;1000;VACIO;1;3
A19.1.2;A;19;2;1;1;1;1200;800;600;1000;VACIO;1;3
A19.1.3;A;19;3;1;1;1;1200;800;600;1000;VACIO;1;3
A19.1.4;A;19;4;1;1;1;1200;800;600;1000;VACIO;1;3
A19.1.5;A;19;5;1;1;1;1200;800;600;1000;VACIO;1;3
A19.1.6;A;19;6;1;1;1;1200;800;600;1000;VACIO;1;3
A19.2.0;A;19;0;2;1;1;1200;800;1000;10000;VACIO;1;5
A19.2.1;A;19;1;2;1;1;1200;800;600;1000;VACIO;1;3
A19.2.2;A;19;2;2;1;1;1200;800;600;1000;VACIO;1;3
A19.2.3;A;19;3;2;1;1;1200;800;600;1000;VACIO;1;3
A19.2.4;A;19;4;2;1;1;1200;800;600;1000;VACIO;1;3
A19.2.5;A;19;5;2;1;1;1200;800;600;1000;VACIO;1;3
A19.2.6;A;19;6;2;1;1;1200;800;600;1000;VACIO;1;3
A19.3.0;A;19;0;3;1;1;1200;800;1000;10000;VACIO;1;5
A19.3.1;A;19;1;3;1;1;1200;800;600;1000;VACIO;1;3
A19.3.2;A;19;2;3;1;1;1200;800;600;1000;VACIO;1;3
A19.3.3;A;19;3;3;1;1;1200;800;600;1000;VACIO;1;3
A19.3.4;A;19;4;3;1;1;1200;800;600;1000;VACIO;1;3
A19.3.5;A;19;5;3;1;1;1200;800;600;1000;VACIO;1;3
A19.3.6;A;19;6;3;1;1;1200;800;600;1000;VACIO;1;3
A20.1.0;A;20;0;1;1;1;1200;800;1000;10000;VACIO;1;5
A20.1.1;A;20;1;1;1;1;1200;800;600;1000;VACIO;1;3
A20.1.2;A;20;2;1;1;1;1200;800;600;1000;VACIO;1;3
A20.1.3;A;20;3;1;1;1;1200;800;600;1000;VACIO;1;3
A20.1.4;A;20;4;1;1;1;1200;800;600;1000;VACIO;1;3
A20.1.5;A;20;5;1;1;1;1200;800;600;1000;VACIO;1;3
A20.1.6;A;20;6;1;1;1;1200;800;600;1000;VACIO;1;3
A20.2.0;A;20;0;2;1;1;1200;800;1000;10000;VACIO;1;5
A20.2.1;A;20;1;2;1;1;1200;800;600;1000;VACIO;1;3
A20.2.2;A;20;2;2;1;1;1200;800;600;1000;VACIO;1;3
A20.2.3;A;20;3;2;1;1;1200;800;600;1000;VACIO;1;3
A20.2.4;A;20;4;2;1;1;1200;800;600;1000;VACIO;1;3
A20.2.5;A;20;5;2;1;1;1200;800;600;1000;VACIO;1;3
A20.2.6;A;20;6;2;1;1;1200;800;600;1000;VACIO;1;3
A20.3.0;A;20;0;3;1;1;1200;800;1000;10000;VACIO;1;5
A20.3.1;A;20;1;3;1;1;1200;800;600;1000;VACIO;1;3
A20.3.2;A;20;2;3;1;1;1200;800;600;1000;VACIO;1;3
A20.3.3;A;20;3;3;1;1;1200;800;600;1000;VACIO;1;3
A20.3.4;A;20;4;3;1;1;1200;800;600;1000;VACIO;1;3
A20.3.5;A;20;5;3;1;1;1200;800;600;1000;VACIO;1;3
A20.3.6;A;20;6;3;1;1;1200;800;600;1000;VACIO;1;3
A21.1.0;A;21;0;1;1;1;1200;800;1000;10000;VACIO;1;5
A21.1.1;A;21;1;1;1;1;1200;800;600;1000;VACIO;1;3
A21.1.2;A;21;2;1;1;1;1200;800;600;1000;VACIO;1;3
A21.1.3;A;21;3;1;1;1;1200;800;600;1000;VACIO;1;3
A21.1.4;A;21;4;1;1;1;1200;800;600;1000;VACIO;1;3
A21.1.5;A;21;5;1;1;1;1200;800;600;1000;VACIO;1;3
A21.1.6;A;21;6;1;1;1;1200;800;600;1000;VACIO;1;3
A21.2.0;A;21;0;2;1;1;1200;800;1000;10000;VACIO;1;5
A21.2.1;A;21;1;2;1;1;1200;800;600;1000;VACIO;1;3
A21.2.2;A;21;2;2;1;1;1200;800;600;1000;VACIO;1;3
A21.2.3;A;21;3;2;1;1;1200;800;600;1000;VACIO;1;3
A21.2.4;A;21;4;2;1;1;1200;800;600;1000;VACIO;1;3
A21.2.5;A;21;5;2;1;1;1200;800;600;1000;VACIO;1;3
A21.2.6;A;21;6;2;1;1;1200;800;600;1000;VACIO;1;3
A21.3.0;A;21;0;3;1;1;1200;800;1000;10000;VACIO;1;5
A21.3.1;A;21;1;3;1;1;1200;800;600;1000;VACIO;1;3
A21.3.2;A;21;2;3;1;1;1200;800;600;1000;VACIO;1;3
A21.3.3;A;21;3;3;1;1;1200;800;600;1000;VACIO;1;3
A21.3.4;A;21;4;3;1;1;1200;800;600;1000;VACIO;1;3
A21.3.5;A;21;5;3;1;1;1200;800;600;1000;VACIO;1;3
A21.3.6;A;21;6;3;1;1;1200;800;600;1000;VACIO;1;3
A22.1.0;A;22;0;1;1;1;1200;800;1000;10000;VACIO;1;5
A22.1.1;A;22;1;1;1;1;1200;800;600;1000;VACIO;1;3
A22.1.2;A;22;2;1;1;1;1200;800;600;1000;VACIO;1;3
A22.1.3;A;22;3;1;1;1;1200;800;600;1000;VACIO;1;3
A22.1.4;A;22;4;1;1;1;1200;800;600;1000;VACIO;1;3
A22.1.5;A;22;5;1;1;1;1200;800;600;1000;VACIO;1;3
A22.1.6;A;22;6;1;1;1;1200;800;600;1000;VACIO;1;3
A22.2.0;A;22;0;2;1;1;1200;800;1000;10000;VACIO;1;5
A22.2.1;A;22;1;2;1;1;1200;800;600;1000;VACIO;1;3
A22.2.2;A;22;2;2;1;1;1200;800;600;1000;VACIO;1;3
A22.2.3;A;22;3;2;1;1;1200;800;600;1000;VACIO;1;3
A22.2.4;A;22;4;2;1;1;1200;800;600;1000;VACIO;1;3
A22.2.5;A;22;5;2;1;1;1200;800;600;1000;VACIO;1;3
A22.2.6;A;22;6;2;1;1;1200;800;600;1000;VACIO;1;3
A22.3.0;A;22;0;3;1;1;1200;800;1000;10000;VACIO;1;5
A22.3.1;A;22;1;3;1;1;1200;800;600;1000;VACIO;1;3
A22.3.2;A;22;2;3;1;1;1200;800;600;1000;VACIO;1;3
A22.3.3;A;22;3;3;1;1;1200;800;600;1000;VACIO;1;3
A22.3.4;A;22;4;3;1;1;1200;800;600;1000;VACIO;1;3
A22.3.5;A;22;5;3;1;1;1200;800;600;1000;VACIO;1;3
A22.3.6;A;22;6;3;1;1;1200;800;600;1000;VACIO;1;3
A23.1.0;A;23;0;1;1;1;1200;800;1000;10000;VACIO;1;5
A23.1.1;A;23;1;1;1;1;1200;800;600;1000;VACIO;1;3
A23.1.2;A;23;2;1;1;1;1200;800;600;1000;VACIO;1;3
A23.1.3;A;23;3;1;1;1;1200;800;600;1000;VACIO;1;3
A23.1.4;A;23;4;1;1;1;1200;800;600;1000;VACIO;1;3
A23.1.5;A;23;5;1;1;1;1200;800;600;1000;VACIO;1;3
A23.1.6;A;23;6;1;1;1;1200;800;600;1000;VACIO;1;3
A23.2.0;A;23;0;2;1;1;1200;800;1000;10000;VACIO;1;5
A23.2.1;A;23;1;2;1;1;1200;800;600;1000;VACIO;1;3
A23.2.2;A;23;2;2;1;1;1200;800;600;1000;VACIO;1;3
A23.2.3;A;23;3;2;1;1;1200;800;600;1000;VACIO;1;3
A23.2.4;A;23;4;2;1;1;1200;800;600;1000;VACIO;1;3
A23.2.5;A;23;5;2;1;1;1200;800;600;1000;VACIO;1;3
A23.2.6;A;23;6;2;1;1;1200;800;600;1000;VACIO;1;3
A23.3.0;A;23;0;3;1;1;1200;800;1000;10000;VACIO;1;5
A23.3.1;A;23;1;3;1;1;1200;800;600;1000;VACIO;1;3
A23.3.2;A;23;2;3;1;1;1200;800;600;1000;VACIO;1;3
A23.3.3;A;23;3;3;1;1;1200;800;600;1000;VACIO;1;3
A23.3.4;A;23;4;3;1;1;1200;800;600;1000;VACIO;1;3
A23.3.5;A;23;5;3;1;1;1200;800;600;1000;VACIO;1;3
A23.3.6;A;23;6;3;1;1;1200;800;600;1000;VACIO;1;3
A24.1.0;A;24;0;1;1;1;1200;800;1000;10000;VACIO;1;5
A24.1.1;A;24;1;1;1;1;1200;800;600;1000;VACIO;1;3
A24.1.2;A;24;2;1;1;1;1200;800;600;1000;VACIO;1;3
A24.1.3;A;24;3;1;1;1;1200;800;600;1000;VACIO;1;3
A24.1.4;A;24;4;1;1;1;1200;800;600;1000;VACIO;1;3
A24.1.5;A;24;5;1;1;1;1200;800;600;1000;VACIO;1;3
A24.1.6;A;24;6;1;1;1;1200;800;600;1000;VACIO;1;3
A24.2.0;A;24;0;2;1;1;1200;800;1000;10000;VACIO;1;5
A24.2.1;A;24;1;2;1;1;1200;800;600;1000;VACIO;1;3
A24.2.2;A;24;2;2;1;1;1200;800;600;1000;VACIO;1;3
A24.2.3;A;24;3;2;1;1;1200;800;600;1000;VACIO;1;3
A24.2.4;A;24;4;2;1;1;1200;800;600;1000;VACIO;1;3
A24.2.5;A;24;5;2;1;1;1200;800;600;1000;VACIO;1;3
A24.2.6;A;24;6;2;1;1;1200;800;600;1000;VACIO;1;3
A24.3.0;A;24;0;3;1;1;1200;800;1000;10000;VACIO;1;5
A24.3.1;A;24;1;3;1;1;1200;800;600;1000;VACIO;1;3
A24.3.2;A;24;2;3;1;1;1200;800;600;1000;VACIO;1;3
A24.3.3;A;24;3;3;1;1;1200;800;600;1000;VACIO;1;3
A24.3.4;A;24;4;3;1;1;1200;800;600;1000;VACIO;1;3
A24.3.5;A;24;5;3;1;1;1200;800;600;1000;VACIO;1;3
A24.3.6;A;24;6;3;1;1;1200;800;600;1000;VACIO;1;3
A25.1.0;A;25;0;1;1;1;1200;800;1000;10000;VACIO;1;5
A25.1.1;A;25;1;1;1;1;1200;800;600;1000;VACIO;1;3
A25.1.2;A;25;2;1;1;1;1200;800;600;1000;VACIO;1;3
A25.1.3;A;25;3;1;1;1;1200;800;600;1000;VACIO;1;3
A25.1.4;A;25;4;1;1;1;1200;800;600;1000;VACIO;1;3
A25.1.5;A;25;5;1;1;1;1200;800;600;1000;VACIO;1;3
A25.1.6;A;25;6;1;1;1;1200;800;600;1000;VACIO;1;3
A25.2.0;A;25;0;2;1;1;1200;800;1000;10000;VACIO;1;5
A25.2.1;A;25;1;2;1;1;1200;800;600;1000;VACIO;1;3
A25.2.2;A;25;2;2;1;1;1200;800;600;1000;VACIO;1;3
A25.2.3;A;25;3;2;1;1;1200;800;600;1000;VACIO;1;3
A25.2.4;A;25;4;2;1;1;1200;800;600;1000;VACIO;1;3
A25.2.5;A;25;5;2;1;1;1200;800;600;1000;VACIO;1;3
A25.2.6;A;25;6;2;1;1;1200;800;600;1000;VACIO;1;3
A25.3.0;A;25;0;3;1;1;1200;800;1000;10000;VACIO;1;5
A25.3.1;A;25;1;3;1;1;1200;800;600;1000;VACIO;1;3
A25.3.2;A;25;2;3;1;1;1200;800;600;1000;VACIO;1;3
A25.3.3;A;25;3;3;1;1;1200;800;600;1000;VACIO;1;3
A25.3.4;A;25;4;3;1;1;1200;800;600;1000;VACIO;1;3
A25.3.5;A;25;5;3;1;1;1200;800;600;1000;VACIO;1;3
A25.3.6;A;25;6;3;1;1;1200;800;600;1000;VACIO;1;3
A26.1.0;A;26;0;1;1;1;1200;800;1000;10000;VACIO;1;5
A26.1.1;A;26;1;1;1;1;1200;800;600;1000;VACIO;1;3
A26.1.2;A;26;2;1;1;1;1200;800;600;1000;VACIO;1;3
A26.1.3;A;26;3;1;1;1;1200;800;600;1000;VACIO;1;3
A26.1.4;A;26;4;1;1;1;1200;800;600;1000;VACIO;1;3
A26.1.5;A;26;5;1;1;1;1200;800;600;1000;VACIO;1;3
A26.1.6;A;26;6;1;1;1;1200;800;600;1000;VACIO;1;3
A26.2.0;A;26;0;2;1;1;1200;800;1000;10000;VACIO;1;5
A26.2.1;A;26;1;2;1;1;1200;800;600;1000;VACIO;1;3
A26.2.2;A;26;2;2;1;1;1200;800;600;1000;VACIO;1;3
A26.2.3;A;26;3;2;1;1;1200;800;600;1000;VACIO;1;3
A26.2.4;A;26;4;2;1;1;1200;800;600;1000;VACIO;1;3
A26.2.5;A;26;5;2;1;1;1200;800;600;1000;VACIO;1;3
A26.2.6;A;26;6;2;1;1;1200;800;600;1000;VACIO;1;3
A26.3.0;A;26;0;3;1;1;1200;800;1000;10000;VACIO;1;5
A26.3.1;A;26;1;3;1;1;1200;800;600;1000;VACIO;1;3
A26.3.2;A;26;2;3;1;1;1200;800;600;1000;VACIO;1;3
A26.3.3;A;26;3;3;1;1;1200;800;600;1000;VACIO;1;3
A26.3.4;A;26;4;3;1;1;1200;800;600;1000;VACIO;1;3
A26.3.5;A;26;5;3;1;1;1200;800;600;1000;VACIO;1;3
A26.3.6;A;26;6;3;1;1;1200;800;600;1000;VACIO;1;3
A27.1.0;A;27;0;1;1;1;1200;800;1000;10000;VACIO;1;5
A27.1.1;A;27;1;1;1;1;1200;800;600;1000;VACIO;1;3
A27.1.2;A;27;2;1;1;1;1200;800;600;1000;VACIO;1;3
A27.1.3;A;27;3;1;1;1;1200;800;600;1000;VACIO;1;3
A27.1.4;A;27;4;1;1;1;1200;800;600;1000;VACIO;1;3
A27.1.5;A;27;5;1;1;1;1200;800;600;1000;VACIO;1;3
A27.1.6;A;27;6;1;1;1;1200;800;600;1000;VACIO;1;3
A27.2.0;A;27;0;2;1;1;1200;800;1000;10000;VACIO;1;5
A27.2.1;A;27;1;2;1;1;1200;800;600;1000;VACIO;1;3
A27.2.2;A;27;2;2;1;1;1200;800;600;1000;VACIO;1;3
A27.2.3;A;27;3;2;1;1;1200;800;600;1000;VACIO;1;3
A27.2.4;A;27;4;2;1;1;1200;800;600;1000;VACIO;1;3
A27.2.5;A;27;5;2;1;1;1200;800;600;1000;VACIO;1;3
A27.2.6;A;27;6;2;1;1;1200;800;600;1000;VACIO;1;3
A27.3.0;A;27;0;3;1;1;1200;800;1000;10000;VACIO;1;5
A27.3.1;A;27;1;3;1;1;1200;800;600;1000;VACIO;1;3
A27.3.2;A;27;2;3;1;1;1200;800;600;1000;VACIO;1;3
A27.3.3;A;27;3;3;1;1;1200;800;600;1000;VACIO;1;3
A27.3.4;A;27;4;3;1;1;1200;800;600;1000;VACIO;1;3
A27.3.5;A;27;5;3;1;1;1200;800;600;1000;VACIO;1;3
A27.3.6;A;27;6;3;1;1;1200;800;600;1000;VACIO;1;3
B1.1.0;B;1;0;1;1;1;1200;800;1000;10000;VACIO;1;5
B1.1.1;B;1;1;1;1;1;1200;800;600;1000;VACIO;1;3
B1.1.2;B;1;2;1;1;1;1200;800;600;1000;VACIO;1;3
B1.1.3;B;1;3;1;1;1;1200;800;600;1000;VACIO;1;3
B1.1.4;B;1;4;1;1;1;1200;800;600;1000;VACIO;1;3
B1.1.5;B;1;5;1;1;1;1200;800;600;1000;VACIO;1;3
B1.1.6;B;1;6;1;1;1;1200;800;600;1000;VACIO;1;3
B1.2.0;B;1;0;2;1;1;1200;800;1000;10000;VACIO;1;5
B1.2.1;B;1;1;2;1;1;1200;800;600;1000;VACIO;1;3
B1.2.2;B;1;2;2;1;1;1200;800;600;1000;VACIO;1;3
B1.2.3;B;1;3;2;1;1;1200;800;600;1000;VACIO;1;3
B1.2.4;B;1;4;2;1;1;1200;800;600;1000;VACIO;1;3
B1.2.5;B;1;5;2;1;1;1200;800;600;1000;VACIO;1;3
B1.2.6;B;1;6;2;1;1;1200;800;600;1000;VACIO;1;3
B1.3.0;B;1;0;3;1;1;1200;800;1000;10000;VACIO;1;5
B1.3.1;B;1;1;3;1;1;1200;800;600;1000;VACIO;1;3
B1.3.2;B;1;2;3;1;1;1200;800;600;1000;VACIO;1;3
B1.3.3;B;1;3;3;1;1;1200;800;600;1000;VACIO;1;3
B1.3.4;B;1;4;3;1;1;1200;800;600;1000;VACIO;1;3
B1.3.5;B;1;5;3;1;1;1200;800;600;1000;VACIO;1;3
B1.3.6;B;1;6;3;1;1;1200;800;600;1000;VACIO;1;3
B2.1.0;B;2;0;1;1;1;1200;800;1000;10000;VACIO;1;5
B2.1.1;B;2;1;1;1;1;1200;800;600;1000;VACIO;1;3
B2.1.2;B;2;2;1;1;1;1200;800;600;1000;VACIO;1;3
B2.1.3;B;2;3;1;1;1;1200;800;600;1000;VACIO;1;3
B2.1.4;B;2;4;1;1;1;1200;800;600;1000;VACIO;1;3
B2.1.5;B;2;5;1;1;1;1200;800;600;1000;VACIO;1;3
B2.1.6;B;2;6;1;1;1;1200;800;600;1000;VACIO;1;3
B2.2.0;B;2;0;2;1;1;1200;800;1000;10000;VACIO;1;5
B2.2.1;B;2;1;2;1;1;1200;800;600;1000;VACIO;1;3
B2.2.2;B;2;2;2;1;1;1200;800;600;1000;VACIO;1;3
B2.2.3;B;2;3;2;1;1;1200;800;600;1000;VACIO;1;3
B2.2.4;B;2;4;2;1;1;1200;800;600;1000;VACIO;1;3
B2.2.5;B;2;5;2;1;1;1200;800;600;1000;VACIO;1;3
B2.2.6;B;2;6;2;1;1;1200;800;600;1000;VACIO;1;3
B2.3.0;B;2;0;3;1;1;1200;800;1000;10000;VACIO;1;5
B2.3.1;B;2;1;3;1;1;1200;800;600;1000;VACIO;1;3
B2.3.2;B;2;2;3;1;1;1200;800;600;1000;VACIO;1;3
B2.3.3;B;2;3;3;1;1;1200;800;600;1000;VACIO;1;3
B2.3.4;B;2;4;3;1;1;1200;800;600;1000;VACIO;1;3
B2.3.5;B;2;5;3;1;1;1200;800;600;1000;VACIO;1;3
B2.3.6;B;2;6;3;1;1;1200;800;600;1000;VACIO;1;3
B3.1.0;B;3;0;1;1;1;1200;800;1000;10000;VACIO;1;5
B3.1.1;B;3;1;1;1;1;1200;800;600;1000;VACIO;1;3
B3.1.2;B;3;2;1;1;1;1200;800;600;1000;VACIO;1;3
B3.1.3;B;3;3;1;1;1;1200;800;600;1000;VACIO;1;3
B3.1.4;B;3;4;1;1;1;1200;800;600;1000;VACIO;1;3
B3.1.5;B;3;5;1;1;1;1200;800;600;1000;VACIO;1;3
B3.1.6;B;3;6;1;1;1;1200;800;600;1000;VACIO;1;3
B3.2.0;B;3;0;2;1;1;1200;800;1000;10000;VACIO;1;5
B3.2.1;B;3;1;2;1;1;1200;800;600;1000;VACIO;1;3
B3.2.2;B;3;2;2;1;1;1200;800;600;1000;VACIO;1;3
B3.2.3;B;3;3;2;1;1;1200;800;600;1000;VACIO;1;3
B3.2.4;B;3;4;2;1;1;1200;800;600;1000;VACIO;1;3
B3.2.5;B;3;5;2;1;1;1200;800;600;1000;VACIO;1;3
B3.2.6;B;3;6;2;1;1;1200;800;600;1000;VACIO;1;3
B3.3.0;B;3;0;3;1;1;1200;800;1000;10000;VACIO;1;5
B3.3.1;B;3;1;3;1;1;1200;800;600;1000;VACIO;1;3
B3.3.2;B;3;2;3;1;1;1200;800;600;1000;VACIO;1;3
B3.3.3;B;3;3;3;1;1;1200;800;600;1000;VACIO;1;3
B3.3.4;B;3;4;3;1;1;1200;800;600;1000;VACIO;1;3
B3.3.5;B;3;5;3;1;1;1200;800;600;1000;VACIO;1;3
B3.3.6;B;3;6;3;1;1;1200;800;600;1000;VACIO;1;3
B4.1.0;B;4;0;1;1;1;1200;800;1000;10000;VACIO;1;5
B4.1.1;B;4;1;1;1;1;1200;800;600;1000;VACIO;1;3
B4.1.2;B;4;2;1;1;1;1200;800;600;1000;VACIO;1;3
B4.1.3;B;4;3;1;1;1;1200;800;600;1000;VACIO;1;3
B4.1.4;B;4;4;1;1;1;1200;800;600;1000;VACIO;1;3
B4.1.5;B;4;5;1;1;1;1200;800;600;1000;VACIO;1;3
B4.1.6;B;4;6;1;1;1;1200;800;600;1000;VACIO;1;3
B4.2.0;B;4;0;2;1;1;1200;800;1000;10000;VACIO;1;5
B4.2.1;B;4;1;2;1;1;1200;800;600;1000;VACIO;1;3
B4.2.2;B;4;2;2;1;1;1200;800;600;1000;VACIO;1;3
B4.2.3;B;4;3;2;1;1;1200;800;600;1000;VACIO;1;3
B4.2.4;B;4;4;2;1;1;1200;800;600;1000;VACIO;1;3
B4.2.5;B;4;5;2;1;1;1200;800;600;1000;VACIO;1;3
B4.2.6;B;4;6;2;1;1;1200;800;600;1000;VACIO;1;3
B4.3.0;B;4;0;3;1;1;1200;800;1000;10000;VACIO;1;5
B4.3.1;B;4;1;3;1;1;1200;800;600;1000;VACIO;1;3
B4.3.2;B;4;2;3;1;1;1200;800;600;1000;VACIO;1;3
B4.3.3;B;4;3;3;1;1;1200;800;600;1000;VACIO;1;3
B4.3.4;B;4;4;3;1;1;1200;800;600;1000;VACIO;1;3
B4.3.5;B;4;5;3;1;1;1200;800;600;1000;VACIO;1;3
B4.3.6;B;4;6;3;1;1;1200;800;600;1000;VACIO;1;3
B5.1.0;B;5;0;1;1;1;1200;800;1000;10000;VACIO;1;5
B5.1.1;B;5;1;1;1;1;1200;800;600;1000;VACIO;1;3
B5.1.2;B;5;2;1;1;1;1200;800;600;1000;VACIO;1;3
B5.1.3;B;5;3;1;1;1;1200;800;600;1000;VACIO;1;3
B5.1.4;B;5;4;1;1;1;1200;800;600;1000;VACIO;1;3
B5.1.5;B;5;5;1;1;1;1200;800;600;1000;VACIO;1;3
B5.1.6;B;5;6;1;1;1;1200;800;600;1000;VACIO;1;3
B5.2.0;B;5;0;2;1;1;1200;800;1000;10000;VACIO;1;5
B5.2.1;B;5;1;2;1;1;1200;800;600;1000;VACIO;1;3
B5.2.2;B;5;2;2;1;1;1200;800;600;1000;VACIO;1;3
B5.2.3;B;5;3;2;1;1;1200;800;600;1000;VACIO;1;3
B5.2.4;B;5;4;2;1;1;1200;800;600;1000;VACIO;1;3
B5.2.5;B;5;5;2;1;1;1200;800;600;1000;VACIO;1;3
B5.2.6;B;5;6;2;1;1;1200;800;600;1000;VACIO;1;3
B5.3.0;B;5;0;3;1;1;1200;800;1000;10000;VACIO;1;5
B5.3.1;B;5;1;3;1;1;1200;800;600;1000;VACIO;1;3
B5.3.2;B;5;2;3;1;1;1200;800;600;1000;VACIO;1;3
B5.3.3;B;5;3;3;1;1;1200;800;600;1000;VACIO;1;3
B5.3.4;B;5;4;3;1;1;1200;800;600;1000;VACIO;1;3
B5.3.5;B;5;5;3;1;1;1200;800;600;1000;VACIO;1;3
B5.3.6;B;5;6;3;1;1;1200;800;600;1000;VACIO;1;3
B6.1.0;B;6;0;1;1;1;1200;800;1000;10000;VACIO;1;5
B6.1.1;B;6;1;1;1;1;1200;800;600;1000;VACIO;1;3
B6.1.2;B;6;2;1;1;1;1200;800;600;1000;VACIO;1;3
B6.1.3;B;6;3;1;1;1;1200;800;600;1000;VACIO;1;3
B6.1.4;B;6;4;1;1;1;1200;800;600;1000;VACIO;1;3
B6.1.5;B;6;5;1;1;1;1200;800;600;1000;VACIO;1;3
B6.1.6;B;6;6;1;1;1;1200;800;600;1000;VACIO;1;3
B6.2.0;B;6;0;2;1;1;1200;800;1000;10000;VACIO;1;5
B6.2.1;B;6;1;2;1;1;1200;800;600;1000;VACIO;1;3
B6.2.2;B;6;2;2;1;1;1200;800;600;1000;VACIO;1;3
B6.2.3;B;6;3;2;1;1;1200;800;600;1000;VACIO;1;3
B6.2.4;B;6;4;2;1;1;1200;800;600;1000;VACIO;1;3
B6.2.5;B;6;5;2;1;1;1200;800;600;1000;VACIO;1;3
B6.2.6;B;6;6;2;1;1;1200;800;600;1000;VACIO;1;3
B6.3.0;B;6;0;3;1;1;1200;800;1000;10000;VACIO;1;5
B6.3.1;B;6;1;3;1;1;1200;800;600;1000;VACIO;1;3
B6.3.2;B;6;2;3;1;1;1200;800;600;1000;VACIO;1;3
B6.3.3;B;6;3;3;1;1;1200;800;600;1000;VACIO;1;3
B6.3.4;B;6;4;3;1;1;1200;800;600;1000;VACIO;1;3
B6.3.5;B;6;5;3;1;1;1200;800;600;1000;VACIO;1;3
B6.3.6;B;6;6;3;1;1;1200;800;600;1000;VACIO;1;3
B7.1.0;B;7;0;1;1;1;1200;800;1000;10000;VACIO;1;5
B7.1.1;B;7;1;1;1;1;1200;800;600;1000;VACIO;1;3
B7.1.2;B;7;2;1;1;1;1200;800;600;1000;VACIO;1;3
B7.1.3;B;7;3;1;1;1;1200;800;600;1000;VACIO;1;3
B7.1.4;B;7;4;1;1;1;1200;800;600;1000;VACIO;1;3
B7.1.5;B;7;5;1;1;1;1200;800;600;1000;VACIO;1;3
B7.1.6;B;7;6;1;1;1;1200;800;600;1000;VACIO;1;3
B7.2.0;B;7;0;2;1;1;1200;800;1000;10000;VACIO;1;5
B7.2.1;B;7;1;2;1;1;1200;800;600;1000;VACIO;1;3
B7.2.2;B;7;2;2;1;1;1200;800;600;1000;VACIO;1;3
B7.2.3;B;7;3;2;1;1;1200;800;600;1000;VACIO;1;3
B7.2.4;B;7;4;2;1;1;1200;800;600;1000;VACIO;1;3
B7.2.5;B;7;5;2;1;1;1200;800;600;1000;VACIO;1;3
B7.2.6;B;7;6;2;1;1;1200;800;600;1000;VACIO;1;3
B7.3.0;B;7;0;3;1;1;1200;800;1000;10000;VACIO;1;5
B7.3.1;B;7;1;3;1;1;1200;800;600;1000;VACIO;1;3
B7.3.2;B;7;2;3;1;1;1200;800;600;1000;VACIO;1;3
B7.3.3;B;7;3;3;1;1;1200;800;600;1000;VACIO;1;3
B7.3.4;B;7;4;3;1;1;1200;800;600;1000;VACIO;1;3
B7.3.5;B;7;5;3;1;1;1200;800;600;1000;VACIO;1;3
B7.3.6;B;7;6;3;1;1;1200;800;600;1000;VACIO;1;3
B8.1.0;B;8;0;1;1;1;1200;800;1000;10000;VACIO;1;5
B8.1.1;B;8;1;1;1;1;1200;800;600;1000;VACIO;1;3
B8.1.2;B;8;2;1;1;1;1200;800;600;1000;VACIO;1;3
B8.1.3;B;8;3;1;1;1;1200;800;600;1000;VACIO;1;3
B8.1.4;B;8;4;1;1;1;1200;800;600;1000;VACIO;1;3
B8.1.5;B;8;5;1;1;1;1200;800;600;1000;VACIO;1;3
B8.1.6;B;8;6;1;1;1;1200;800;600;1000;VACIO;1;3
B8.2.0;B;8;0;2;1;1;1200;800;1000;10000;VACIO;1;5
B8.2.1;B;8;1;2;1;1;1200;800;600;1000;VACIO;1;3
B8.2.2;B;8;2;2;1;1;1200;800;600;1000;VACIO;1;3
B8.2.3;B;8;3;2;1;1;1200;800;600;1000;VACIO;1;3
B8.2.4;B;8;4;2;1;1;1200;800;600;1000;VACIO;1;3
B8.2.5;B;8;5;2;1;1;1200;800;600;1000;VACIO;1;3
B8.2.6;B;8;6;2;1;1;1200;800;600;1000;VACIO;1;3
B8.3.0;B;8;0;3;1;1;1200;800;1000;10000;VACIO;1;5
B8.3.1;B;8;1;3;1;1;1200;800;600;1000;VACIO;1;3
B8.3.2;B;8;2;3;1;1;1200;800;600;1000;VACIO;1;3
B8.3.3;B;8;3;3;1;1;1200;800;600;1000;VACIO;1;3
B8.3.4;B;8;4;3;1;1;1200;800;600;1000;VACIO;1;3
B8.3.5;B;8;5;3;1;1;1200;800;600;1000;VACIO;1;3
B8.3.6;B;8;6;3;1;1;1200;800;600;1000;VACIO;1;3
B9.1.0;B;9;0;1;1;1;1200;800;1000;10000;VACIO;1;5
B9.1.1;B;9;1;1;1;1;1200;800;600;1000;VACIO;1;3
B9.1.2;B;9;2;1;1;1;1200;800;600;1000;VACIO;1;3
B9.1.3;B;9;3;1;1;1;1200;800;600;1000;VACIO;1;3
B9.1.4;B;9;4;1;1;1;1200;800;600;1000;VACIO;1;3
B9.1.5;B;9;5;1;1;1;1200;800;600;1000;VACIO;1;3
B9.1.6;B;9;6;1;1;1;1200;800;600;1000;VACIO;1;3
B9.2.0;B;9;0;2;1;1;1200;800;1000;10000;VACIO;1;5
B9.2.1;B;9;1;2;1;1;1200;800;600;1000;VACIO;1;3
B9.2.2;B;9;2;2;1;1;1200;800;600;1000;VACIO;1;3
B9.2.3;B;9;3;2;1;1;1200;800;600;1000;VACIO;1;3
B9.2.4;B;9;4;2;1;1;1200;800;600;1000;VACIO;1;3
B9.2.5;B;9;5;2;1;1;1200;800;600;1000;VACIO;1;3
B9.2.6;B;9;6;2;1;1;1200;800;600;1000;VACIO;1;3
B9.3.0;B;9;0;3;1;1;1200;800;1000;10000;VACIO;1;5
B9.3.1;B;9;1;3;1;1;1200;800;600;1000;VACIO;1;3
B9.3.2;B;9;2;3;1;1;1200;800;600;1000;VACIO;1;3
B9.3.3;B;9;3;3;1;1;1200;800;600;1000;VACIO;1;3
B9.3.4;B;9;4;3;1;1;1200;800;600;1000;VACIO;1;3
B9.3.5;B;9;5;3;1;1;1200;800;600;1000;VACIO;1;3
B9.3.6;B;9;6;3;1;1;1200;800;600;1000;VACIO;1;3
B10.1.0;B;10;0;1;1;1;1200;800;1000;10000;VACIO;1;5
B10.1.1;B;10;1;1;1;1;1200;800;600;1000;VACIO;1;3
B10.1.2;B;10;2;1;1;1;1200;800;600;1000;VACIO;1;3
B10.1.3;B;10;3;1;1;1;1200;800;600;1000;VACIO;1;3
B10.1.4;B;10;4;1;1;1;1200;800;600;1000;VACIO;1;3
B10.1.5;B;10;5;1;1;1;1200;800;600;1000;VACIO;1;3
B10.1.6;B;10;6;1;1;1;1200;800;600;1000;VACIO;1;3
B10.2.0;B;10;0;2;1;1;1200;800;1000;10000;VACIO;1;5
B10.2.1;B;10;1;2;1;1;1200;800;600;1000;VACIO;1;3
B10.2.2;B;10;2;2;1;1;1200;800;600;1000;VACIO;1;3
B10.2.3;B;10;3;2;1;1;1200;800;600;1000;VACIO;1;3
B10.2.4;B;10;4;2;1;1;1200;800;600;1000;VACIO;1;3
B10.2.5;B;10;5;2;1;1;1200;800;600;1000;VACIO;1;3
B10.2.6;B;10;6;2;1;1;1200;800;600;1000;VACIO;1;3
B10.3.0;B;10;0;3;1;1;1200;800;1000;10000;VACIO;1;5
B10.3.1;B;10;1;3;1;1;1200;800;600;1000;VACIO;1;3
B10.3.2;B;10;2;3;1;1;1200;800;600;1000;VACIO;1;3
B10.3.3;B;10;3;3;1;1;1200;800;600;1000;VACIO;1;3
B10.3.4;B;10;4;3;1;1;1200;800;600;1000;VACIO;1;3
B10.3.5;B;10;5;3;1;1;1200;800;600;1000;VACIO;1;3
B10.3.6;B;10;6;3;1;1;1200;800;600;1000;VACIO;1;3
B11.1.0;B;11;0;1;1;1;1200;800;1000;10000;VACIO;1;5
B11.1.1;B;11;1;1;1;1;1200;800;600;1000;VACIO;1;3
B11.1.2;B;11;2;1;1;1;1200;800;600;1000;VACIO;1;3
B11.1.3;B;11;3;1;1;1;1200;800;600;1000;VACIO;1;3
B11.1.4;B;11;4;1;1;1;1200;800;600;1000;VACIO;1;3
B11.1.5;B;11;5;1;1;1;1200;800;600;1000;VACIO;1;3
B11.1.6;B;11;6;1;1;1;1200;800;600;1000;VACIO;1;3
B11.2.0;B;11;0;2;1;1;1200;800;1000;10000;VACIO;1;5
B11.2.1;B;11;1;2;1;1;1200;800;600;1000;VACIO;1;3
B11.2.2;B;11;2;2;1;1;1200;800;600;1000;VACIO;1;3
B11.2.3;B;11;3;2;1;1;1200;800;600;1000;VACIO;1;3
B11.2.4;B;11;4;2;1;1;1200;800;600;1000;VACIO;1;3
B11.2.5;B;11;5;2;1;1;1200;800;600;1000;VACIO;1;3
B11.2.6;B;11;6;2;1;1;1200;800;600;1000;VACIO;1;3
B11.3.0;B;11;0;3;1;1;1200;800;1000;10000;VACIO;1;5
B11.3.1;B;11;1;3;1;1;1200;800;600;1000;VACIO;1;3
B11.3.2;B;11;2;3;1;1;1200;800;600;1000;VACIO;1;3
B11.3.3;B;11;3;3;1;1;1200;800;600;1000;VACIO;1;3
B11.3.4;B;11;4;3;1;1;1200;800;600;1000;VACIO;1;3
B11.3.5;B;11;5;3;1;1;1200;800;600;1000;VACIO;1;3
B11.3.6;B;11;6;3;1;1;1200;800;600;1000;VACIO;1;3
B12.1.0;B;12;0;1;1;1;1200;800;1000;10000;VACIO;1;5
B12.1.1;B;12;1;1;1;1;1200;800;600;1000;VACIO;1;3
B12.1.2;B;12;2;1;1;1;1200;800;600;1000;VACIO;1;3
B12.1.3;B;12;3;1;1;1;1200;800;600;1000;VACIO;1;3
B12.1.4;B;12;4;1;1;1;1200;800;600;1000;VACIO;1;3
B12.1.5;B;12;5;1;1;1;1200;800;600;1000;VACIO;1;3
B12.1.6;B;12;6;1;1;1;1200;800;600;1000;VACIO;1;3
B12.2.0;B;12;0;2;1;1;1200;800;1000;10000;VACIO;1;5
B12.2.1;B;12;1;2;1;1;1200;800;600;1000;VACIO;1;3
B12.2.2;B;12;2;2;1;1;1200;800;600;1000;VACIO;1;3
B12.2.3;B;12;3;2;1;1;1200;800;600;1000;VACIO;1;3
B12.2.4;B;12;4;2;1;1;1200;800;600;1000;VACIO;1;3
B12.2.5;B;12;5;2;1;1;1200;800;600;1000;VACIO;1;3
B12.2.6;B;12;6;2;1;1;1200;800;600;1000;VACIO;1;3
B12.3.0;B;12;0;3;1;1;1200;800;1000;10000;VACIO;1;5
B12.3.1;B;12;1;3;1;1;1200;800;600;1000;VACIO;1;3
B12.3.2;B;12;2;3;1;1;1200;800;600;1000;VACIO;1;3
B12.3.3;B;12;3;3;1;1;1200;800;600;1000;VACIO;1;3
B12.3.4;B;12;4;3;1;1;1200;800;600;1000;VACIO;1;3
B12.3.5;B;12;5;3;1;1;1200;800;600;1000;VACIO;1;3
B12.3.6;B;12;6;3;1;1;1200;800;600;1000;VACIO;1;3
B13.1.0;B;13;0;1;1;1;1200;800;1000;10000;VACIO;1;5
B13.1.1;B;13;1;1;1;1;1200;800;600;1000;VACIO;1;3
B13.1.2;B;13;2;1;1;1;1200;800;600;1000;VACIO;1;3
B13.1.3;B;13;3;1;1;1;1200;800;600;1000;VACIO;1;3
B13.1.4;B;13;4;1;1;1;1200;800;600;1000;VACIO;1;3
B13.1.5;B;13;5;1;1;1;1200;800;600;1000;VACIO;1;3
B13.1.6;B;13;6;1;1;1;1200;800;600;1000;VACIO;1;3
B13.2.0;B;13;0;2;1;1;1200;800;1000;10000;VACIO;1;5
B13.2.1;B;13;1;2;1;1;1200;800;600;1000;VACIO;1;3
B13.2.2;B;13;2;2;1;1;1200;800;600;1000;VACIO;1;3
B13.2.3;B;13;3;2;1;1;1200;800;600;1000;VACIO;1;3
B13.2.4;B;13;4;2;1;1;1200;800;600;1000;VACIO;1;3
B13.2.5;B;13;5;2;1;1;1200;800;600;1000;VACIO;1;3
B13.2.6;B;13;6;2;1;1;1200;800;600;1000;VACIO;1;3
B13.3.0;B;13;0;3;1;1;1200;800;1000;10000;VACIO;1;5
B13.3.1;B;13;1;3;1;1;1200;800;600;1000;VACIO;1;3
B13.3.2;B;13;2;3;1;1;1200;800;600;1000;VACIO;1;3
B13.3.3;B;13;3;3;1;1;1200;800;600;1000;VACIO;1;3
B13.3.4;B;13;4;3;1;1;1200;800;600;1000;VACIO;1;3
B13.3.5;B;13;5;3;1;1;1200;800;600;1000;VACIO;1;3
B13.3.6;B;13;6;3;1;1;1200;800;600;1000;VACIO;1;3
B14.1.0;B;14;0;1;1;1;1200;800;1000;10000;VACIO;1;5
B14.1.1;B;14;1;1;1;1;1200;800;600;1000;VACIO;1;3
B14.1.2;B;14;2;1;1;1;1200;800;600;1000;VACIO;1;3
B14.1.3;B;14;3;1;1;1;1200;800;600;1000;VACIO;1;3
B14.1.4;B;14;4;1;1;1;1200;800;600;1000;VACIO;1;3
B14.1.5;B;14;5;1;1;1;1200;800;600;1000;VACIO;1;3
B14.1.6;B;14;6;1;1;1;1200;800;600;1000;VACIO;1;3
B14.2.0;B;14;0;2;1;1;1200;800;1000;10000;VACIO;1;5
B14.2.1;B;14;1;2;1;1;1200;800;600;1000;VACIO;1;3
B14.2.2;B;14;2;2;1;1;1200;800;600;1000;VACIO;1;3
B14.2.3;B;14;3;2;1;1;1200;800;600;1000;VACIO;1;3
B14.2.4;B;14;4;2;1;1;1200;800;600;1000;VACIO;1;3
B14.2.5;B;14;5;2;1;1;1200;800;600;1000;VACIO;1;3
B14.2.6;B;14;6;2;1;1;1200;800;600;1000;VACIO;1;3
B14.3.0;B;14;0;3;1;1;1200;800;1000;10000;VACIO;1;5
B14.3.1;B;14;1;3;1;1;1200;800;600;1000;VACIO;1;3
B14.3.2;B;14;2;3;1;1;1200;800;600;1000;VACIO;1;3
B14.3.3;B;14;3;3;1;1;1200;800;600;1000;VACIO;1;3
B14.3.4;B;14;4;3;1;1;1200;800;600;1000;VACIO;1;3
B14.3.5;B;14;5;3;1;1;1200;800;600;1000;VACIO;1;3
B14.3.6;B;14;6;3;1;1;1200;800;600;1000;VACIO;1;3
B15.1.0;B;15;0;1;1;1;1200;800;1000;10000;VACIO;1;5
B15.1.1;B;15;1;1;1;1;1200;800;600;1000;VACIO;1;3
B15.1.2;B;15;2;1;1;1;1200;800;600;1000;VACIO;1;3
B15.1.3;B;15;3;1;1;1;1200;800;600;1000;VACIO;1;3
B15.1.4;B;15;4;1;1;1;1200;800;600;1000;VACIO;1;3
B15.1.5;B;15;5;1;1;1;1200;800;600;1000;VACIO;1;3
B15.1.6;B;15;6;1;1;1;1200;800;600;1000;VACIO;1;3
B15.2.0;B;15;0;2;1;1;1200;800;1000;10000;VACIO;1;5
B15.2.1;B;15;1;2;1;1;1200;800;600;1000;VACIO;1;3
B15.2.2;B;15;2;2;1;1;1200;800;600;1000;VACIO;1;3
B15.2.3;B;15;3;2;1;1;1200;800;600;1000;VACIO;1;3
B15.2.4;B;15;4;2;1;1;1200;800;600;1000;VACIO;1;3
B15.2.5;B;15;5;2;1;1;1200;800;600;1000;VACIO;1;3
B15.2.6;B;15;6;2;1;1;1200;800;600;1000;VACIO;1;3
B15.3.0;B;15;0;3;1;1;1200;800;1000;10000;VACIO;1;5
B15.3.1;B;15;1;3;1;1;1200;800;600;1000;VACIO;1;3
B15.3.2;B;15;2;3;1;1;1200;800;600;1000;VACIO;1;3
B15.3.3;B;15;3;3;1;1;1200;800;600;1000;VACIO;1;3
B15.3.4;B;15;4;3;1;1;1200;800;600;1000;VACIO;1;3
B15.3.5;B;15;5;3;1;1;1200;800;600;1000;VACIO;1;3
B15.3.6;B;15;6;3;1;1;1200;800;600;1000;VACIO;1;3
E1.1.0;E;1;0;1;1;1;1200;800;1000;10000;VACIO;1;5
E1.1.1;E;1;1;1;1;1;1200;800;600;1000;VACIO;1;3
E1.1.2;E;1;2;1;1;1;1200;800;600;1000;VACIO;1;3
E1.1.3;E;1;3;1;1;1;1200;800;600;1000;VACIO;1;3
E1.1.4;E;1;4;1;1;1;1200;800;600;1000;VACIO;1;3
E1.2.0;E;1;0;2;1;1;1200;800;1000;10000;VACIO;1;5
E1.2.1;E;1;1;2;1;1;1200;800;600;1000;VACIO;1;3
E1.2.2;E;1;2;2;1;1;1200;800;600;1000;VACIO;1;3
E1.2.3;E;1;3;2;1;1;1200;800;600;1000;VACIO;1;3
E1.2.4;E;1;4;2;1;1;1200;800;600;1000;VACIO;1;3
E1.3.0;E;1;0;3;1;1;1200;800;1000;10000;VACIO;1;5
E1.3.1;E;1;1;3;1;1;1200;800;600;1000;VACIO;1;3
E1.3.2;E;1;2;3;1;1;1200;800;600;1000;VACIO;1;3
E1.3.3;E;1;3;3;1;1;1200;800;600;1000;VACIO;1;3
E1.3.4;E;1;4;3;1;1;1200;800;600;1000;VACIO;1;3
E2.1.0;E;2;0;1;1;1;1200;800;1000;10000;VACIO;1;5
E2.1.1;E;2;1;1;1;1;1200;800;600;1000;VACIO;1;3
E2.1.2;E;2;2;1;1;1;1200;800;600;1000;VACIO;1;3
E2.1.3;E;2;3;1;1;1;1200;800;600;1000;VACIO;1;3
E2.1.4;E;2;4;1;1;1;1200;800;600;1000;VACIO;1;3
E2.2.0;E;2;0;2;1;1;1200;800;1000;10000;VACIO;1;5
E2.2.1;E;2;1;2;1;1;1200;800;600;1000;VACIO;1;3
E2.2.2;E;2;2;2;1;1;1200;800;600;1000;VACIO;1;3
E2.2.3;E;2;3;2;1;1;1200;800;600;1000;VACIO;1;3
E2.2.4;E;2;4;2;1;1;1200;800;600;1000;VACIO;1;3
E2.3.0;E;2;0;3;1;1;1200;800;1000;10000;VACIO;1;5
E2.3.1;E;2;1;3;1;1;1200;800;600;1000;VACIO;1;3
E2.3.2;E;2;2;3;1;1;1200;800;600;1000;VACIO;1;3
E2.3.3;E;2;3;3;1;1;1200;800;600;1000;VACIO;1;3
E2.3.4;E;2;4;3;1;1;1200;800;600;1000;VACIO;1;3
D1.1.0;D;1;0;1;1;1;1200;800;1000;10000;VACIO;1;5
D1.1.1;D;1;1;1;1;1;1200;800;600;1000;VACIO;1;3
D1.1.2;D;1;2;1;1;1;1200;800;600;1000;VACIO;1;3
D1.2.0;D;1;0;2;1;1;1200;800;1000;10000;VACIO;1;5
D1.2.1;D;1;1;2;1;1;1200;800;600;1000;VACIO;1;3
D1.2.2;D;1;2;2;1;1;1200;800;600;1000;VACIO;1;3
D1.2.3;D;1;3;2;1;1;1200;800;600;1000;VACIO;1;3
D1.2.4;D;1;4;2;1;1;1200;800;600;1000;VACIO;1;3
D1.3.0;D;1;0;3;1;1;1200;800;1000;10000;VACIO;1;5
D1.3.1;D;1;1;3;1;1;1200;800;600;1000;VACIO;1;3
D1.3.2;D;1;2;3;1;1;1200;800;600;1000;VACIO;1;3
D1.3.3;D;1;3;3;1;1;1200;800;600;1000;VACIO;1;3
D1.3.4;D;1;4;3;1;1;1200;800;600;1000;VACIO;1;3
D2.1.0;D;2;0;1;1;1;1200;800;1000;10000;VACIO;1;5
D2.1.1;D;2;1;1;1;1;1200;800;600;1000;VACIO;1;3
D2.1.2;D;2;2;1;1;1;1200;800;600;1000;VACIO;1;3
D2.1.3;D;2;3;1;1;1;1200;800;600;1000;VACIO;1;3
D2.1.4;D;2;4;1;1;1;1200;800;600;1000;VACIO;1;3
D2.2.0;D;2;0;2;1;1;1200;800;1000;10000;VACIO;1;5
D2.2.1;D;2;1;2;1;1;1200;800;600;1000;VACIO;1;3
D2.2.2;D;2;2;2;1;1;1200;800;600;1000;VACIO;1;3
D2.2.3;D;2;3;2;1;1;1200;800;600;1000;VACIO;1;3
D2.2.4;D;2;4;2;1;1;1200;800;600;1000;VACIO;1;3
D2.3.0;D;2;0;3;1;1;1200;800;1000;10000;VACIO;1;5
D2.3.1;D;2;1;3;1;1;1200;800;600;1000;VACIO;1;3
D2.3.2;D;2;2;3;1;1;1200;800;600;1000;VACIO;1;3
D2.3.3;D;2;3;3;1;1;1200;800;600;1000;VACIO;1;3
D2.3.4;D;2;4;3;1;1;1200;800;600;1000;VACIO;1;3
D3.1.0;D;3;0;1;1;1;1200;800;1000;10000;VACIO;1;5
D3.1.1;D;3;1;1;1;1;1200;800;600;1000;VACIO;1;3
D3.1.2;D;3;2;1;1;1;1200;800;600;1000;VACIO;1;3
D3.1.3;D;3;3;1;1;1;1200;800;600;1000;VACIO;1;3
D3.1.4;D;3;4;1;1;1;1200;800;600;1000;VACIO;1;3
D3.2.0;D;3;0;2;1;1;1200;800;1000;10000;VACIO;1;5
D3.2.1;D;3;1;2;1;1;1200;800;600;1000;VACIO;1;3
D3.2.2;D;3;2;2;1;1;1200;800;600;1000;VACIO;1;3
D3.2.3;D;3;3;2;1;1;1200;800;600;1000;VACIO;1;3
D3.2.4;D;3;4;2;1;1;1200;800;600;1000;VACIO;1;3
D3.3.0;D;3;0;3;1;1;1200;800;1000;10000;VACIO;1;5
D3.3.1;D;3;1;3;1;1;1200;800;600;1000;VACIO;1;3
D3.3.2;D;3;2;3;1;1;1200;800;600;1000;VACIO;1;3
D3.3.3;D;3;3;3;1;1;1200;800;600;1000;VACIO;1;3
D3.3.4;D;3;4;3;1;1;1200;800;600;1000;VACIO;1;3
D4.1.0;D;4;0;1;1;1;1200;800;1000;10000;VACIO;1;5
D4.1.1;D;4;1;1;1;1;1200;800;600;1000;VACIO;1;3
D4.1.2;D;4;2;1;1;1;1200;800;600;1000;VACIO;1;3
D4.1.3;D;4;3;1;1;1;1200;800;600;1000;VACIO;1;3
D4.1.4;D;4;4;1;1;1;1200;800;600;1000;VACIO;1;3
D4.2.0;D;4;0;2;1;1;1200;800;1000;10000;VACIO;1;5
D4.2.1;D;4;1;2;1;1;1200;800;600;1000;VACIO;1;3
D4.2.2;D;4;2;2;1;1;1200;800;600;1000;VACIO;1;3
D4.2.3;D;4;3;2;1;1;1200;800;600;1000;VACIO;1;3
D4.2.4;D;4;4;2;1;1;1200;800;600;1000;VACIO;1;3
D4.3.0;D;4;0;3;1;1;1200;800;1000;10000;VACIO;1;5
D4.3.1;D;4;1;3;1;1;1200;800;600;1000;VACIO;1;3
D4.3.2;D;4;2;3;1;1;1200;800;600;1000;VACIO;1;3
D4.3.3;D;4;3;3;1;1;1200;800;600;1000;VACIO;1;3
D4.3.4;D;4;4;3;1;1;1200;800;600;1000;VACIO;1;3
D5.1.0;D;5;0;1;1;1;1200;800;1000;10000;VACIO;1;5
D5.1.1;D;5;1;1;1;1;1200;800;600;1000;VACIO;1;3
D5.1.2;D;5;2;1;1;1;1200;800;600;1000;VACIO;1;3
D5.1.3;D;5;3;1;1;1;1200;800;600;1000;VACIO;1;3
D5.1.4;D;5;4;1;1;1;1200;800;600;1000;VACIO;1;3
D5.2.0;D;5;0;2;1;1;1200;800;1000;10000;VACIO;1;5
D5.2.1;D;5;1;2;1;1;1200;800;600;1000;VACIO;1;3
D5.2.2;D;5;2;2;1;1;1200;800;600;1000;VACIO;1;3
D5.2.3;D;5;3;2;1;1;1200;800;600;1000;VACIO;1;3
D5.2.4;D;5;4;2;1;1;1200;800;600;1000;VACIO;1;3
D5.3.0;D;5;0;3;1;1;1200;800;1000;10000;VACIO;1;5
D5.3.1;D;5;1;3;1;1;1200;800;600;1000;VACIO;1;3
D5.3.2;D;5;2;3;1;1;1200;800;600;1000;VACIO;1;3
D5.3.3;D;5;3;3;1;1;1200;800;600;1000;VACIO;1;3
D5.3.4;D;5;4;3;1;1;1200;800;600;1000;VACIO;1;3
D6.1.0;D;6;0;1;1;1;1200;800;1000;10000;VACIO;1;5
D6.1.1;D;6;1;1;1;1;1200;800;600;1000;VACIO;1;3
D6.1.2;D;6;2;1;1;1;1200;800;600;1000;VACIO;1;3
D6.1.3;D;6;3;1;1;1;1200;800;600;1000;VACIO;1;3
D6.1.4;D;6;4;1;1;1;1200;800;600;1000;VACIO;1;3
D6.2.0;D;6;0;2;1;1;1200;800;1000;10000;VACIO;1;5
D6.2.1;D;6;1;2;1;1;1200;800;600;1000;VACIO;1;3
D6.2.2;D;6;2;2;1;1;1200;800;600;1000;VACIO;1;3
D6.2.3;D;6;3;2;1;1;1200;800;600;1000;VACIO;1;3
D6.2.4;D;6;4;2;1;1;1200;800;600;1000;VACIO;1;3
D6.3.0;D;6;0;3;1;1;1200;800;1000;10000;VACIO;1;5
D6.3.1;D;6;1;3;1;1;1200;800;600;1000;VACIO;1;3
D6.3.2;D;6;2;3;1;1;1200;800;600;1000;VACIO;1;3
D6.3.3;D;6;3;3;1;1;1200;800;600;1000;VACIO;1;3
D6.3.4;D;6;4;3;1;1;1200;800;600;1000;VACIO;1;3
D7.1.0;D;7;0;1;1;1;1200;800;1000;10000;VACIO;1;5
D7.1.1;D;7;1;1;1;1;1200;800;600;1000;VACIO;1;3
D7.1.2;D;7;2;1;1;1;1200;800;600;1000;VACIO;1;3
D7.1.3;D;7;3;1;1;1;1200;800;600;1000;VACIO;1;3
D7.1.4;D;7;4;1;1;1;1200;800;600;1000;VACIO;1;3
D7.2.0;D;7;0;2;1;1;1200;800;1000;10000;VACIO;1;5
D7.2.1;D;7;1;2;1;1;1200;800;600;1000;VACIO;1;3
D7.2.2;D;7;2;2;1;1;1200;800;600;1000;VACIO;1;3
D7.2.3;D;7;3;2;1;1;1200;800;600;1000;VACIO;1;3
D7.2.4;D;7;4;2;1;1;1200;800;600;1000;VACIO;1;3
D7.3.0;D;7;0;3;1;1;1200;800;1000;10000;VACIO;1;5
D7.3.1;D;7;1;3;1;1;1200;800;600;1000;VACIO;1;3
D7.3.2;D;7;2;3;1;1;1200;800;600;1000;VACIO;1;3
D7.3.3;D;7;3;3;1;1;1200;800;600;1000;VACIO;1;3
D7.3.4;D;7;4;3;1;1;1200;800;600;1000;VACIO;1;3
D8.1.0;D;8;0;1;1;1;1200;800;1000;10000;VACIO;1;5
D8.1.1;D;8;1;1;1;1;1200;800;600;1000;VACIO;1;3
D8.1.2;D;8;2;1;1;1;1200;800;600;1000;VACIO;1;3
D8.1.3;D;8;3;1;1;1;1200;800;600;1000;VACIO;1;3
D8.1.4;D;8;4;1;1;1;1200;800;600;1000;VACIO;1;3
D8.2.0;D;8;0;2;1;1;1200;800;1000;10000;VACIO;1;5
D8.2.1;D;8;1;2;1;1;1200;800;600;1000;VACIO;1;3
D8.2.2;D;8;2;2;1;1;1200;800;600;1000;VACIO;1;3
D8.2.3;D;8;3;2;1;1;1200;800;600;1000;VACIO;1;3
D8.2.4;D;8;4;2;1;1;1200;800;600;1000;VACIO;1;3
D8.3.0;D;8;0;3;1;1;1200;800;1000;10000;VACIO;1;5
D8.3.1;D;8;1;3;1;1;1200;800;600;1000;VACIO;1;3
D8.3.2;D;8;2;3;1;1;1200;800;600;1000;VACIO;1;3
D8.3.3;D;8;3;3;1;1;1200;800;600;1000;VACIO;1;3
D8.3.4;D;8;4;3;1;1;1200;800;600;1000;VACIO;1;3
D9.1.0;D;9;0;1;1;1;1200;800;1000;10000;VACIO;1;5
D9.1.1;D;9;1;1;1;1;1200;800;600;1000;VACIO;1;3
D9.1.2;D;9;2;1;1;1;1200;800;600;1000;VACIO;1;3
D9.1.3;D;9;3;1;1;1;1200;800;600;1000;VACIO;1;3
D9.1.4;D;9;4;1;1;1;1200;800;600;1000;VACIO;1;3
D9.2.0;D;9;0;2;1;1;1200;800;1000;10000;VACIO;1;5
D9.2.1;D;9;1;2;1;1;1200;800;600;1000;VACIO;1;3
D9.2.2;D;9;2;2;1;1;1200;800;600;1000;VACIO;1;3
D9.2.3;D;9;3;2;1;1;1200;800;600;1000;VACIO;1;3
D9.2.4;D;9;4;2;1;1;1200;800;600;1000;VACIO;1;3
D9.3.0;D;9;0;3;1;1;1200;800;1000;10000;VACIO;1;5
D9.3.1;D;9;1;3;1;1;1200;800;600;1000;VACIO;1;3
D9.3.2;D;9;2;3;1;1;1200;800;600;1000;VACIO;1;3
D9.3.3;D;9;3;3;1;1;1200;800;600;1000;VACIO;1;3
D9.3.4;D;9;4;3;1;1;1200;800;600;1000;VACIO;1;3
D10.1.0;D;10;0;1;1;1;1200;800;1000;10000;VACIO;1;5
D10.1.1;D;10;1;1;1;1;1200;800;600;1000;VACIO;1;3
D10.1.2;D;10;2;1;1;1;1200;800;600;1000;VACIO;1;3
D10.1.3;D;10;3;1;1;1;1200;800;600;1000;VACIO;1;3
D10.1.4;D;10;4;1;1;1;1200;800;600;1000;VACIO;1;3
D10.2.0;D;10;0;2;1;1;1200;800;1000;10000;VACIO;1;5
D10.2.1;D;10;1;2;1;1;1200;800;600;1000;VACIO;1;3
D10.2.2;D;10;2;2;1;1;1200;800;600;1000;VACIO;1;3
D10.2.3;D;10;3;2;1;1;1200;800;600;1000;VACIO;1;3
D10.2.4;D;10;4;2;1;1;1200;800;600;1000;VACIO;1;3
D10.3.0;D;10;0;3;1;1;1200;800;1000;10000;VACIO;1;5
D10.3.1;D;10;1;3;1;1;1200;800;600;1000;VACIO;1;3
D10.3.2;D;10;2;3;1;1;1200;800;600;1000;VACIO;1;3
D10.3.3;D;10;3;3;1;1;1200;800;600;1000;VACIO;1;3
D10.3.4;D;10;4;3;1;1;1200;800;600;1000;VACIO;1;3
D11.1.0;D;11;0;1;1;1;1200;800;1000;10000;VACIO;1;5
D11.1.1;D;11;1;1;1;1;1200;800;600;1000;VACIO;1;3
D11.1.2;D;11;2;1;1;1;1200;800;600;1000;VACIO;1;3
D11.1.3;D;11;3;1;1;1;1200;800;600;1000;VACIO;1;3
D11.1.4;D;11;4;1;1;1;1200;800;600;1000;VACIO;1;3
D11.2.0;D;11;0;2;1;1;1200;800;1000;10000;VACIO;1;5
D11.2.1;D;11;1;2;1;1;1200;800;600;1000;VACIO;1;3
D11.2.2;D;11;2;2;1;1;1200;800;600;1000;VACIO;1;3
D11.2.3;D;11;3;2;1;1;1200;800;600;1000;VACIO;1;3
D11.2.4;D;11;4;2;1;1;1200;800;600;1000;VACIO;1;3
D11.3.0;D;11;0;3;1;1;1200;800;1000;10000;VACIO;1;5
D11.3.1;D;11;1;3;1;1;1200;800;600;1000;VACIO;1;3
D11.3.2;D;11;2;3;1;1;1200;800;600;1000;VACIO;1;3
D11.3.3;D;11;3;3;1;1;1200;800;600;1000;VACIO;1;3
D11.3.4;D;11;4;3;1;1;1200;800;600;1000;VACIO;1;3
D12.1.0;D;12;0;1;1;1;1200;800;1000;10000;VACIO;1;5
D12.1.1;D;12;1;1;1;1;1200;800;600;1000;VACIO;1;3
D12.1.2;D;12;2;1;1;1;1200;800;600;1000;VACIO;1;3
D12.1.3;D;12;3;1;1;1;1200;800;600;1000;VACIO;1;3
D12.1.4;D;12;4;1;1;1;1200;800;600;1000;VACIO;1;3
D12.2.0;D;12;0;2;1;1;1200;800;1000;10000;VACIO;1;5
D12.2.1;D;12;1;2;1;1;1200;800;600;1000;VACIO;1;3
D12.2.2;D;12;2;2;1;1;1200;800;600;1000;VACIO;1;3
D12.2.3;D;12;3;2;1;1;1200;800;600;1000;VACIO;1;3
D12.2.4;D;12;4;2;1;1;1200;800;600;1000;VACIO;1;3
D12.3.0;D;12;0;3;1;1;1200;800;1000;10000;VACIO;1;5
D12.3.1;D;12;1;3;1;1;1200;800;600;1000;VACIO;1;3
D12.3.2;D;12;2;3;1;1;1200;800;600;1000;VACIO;1;3
D12.3.3;D;12;3;3;1;1;1200;800;600;1000;VACIO;1;3
D12.3.4;D;12;4;3;1;1;1200;800;600;1000;VACIO;1;3
D13.1.0;D;13;0;1;1;1;1200;800;1000;10000;VACIO;1;5
D13.1.1;D;13;1;1;1;1;1200;800;600;1000;VACIO;1;3
D13.1.2;D;13;2;1;1;1;1200;800;600;1000;VACIO;1;3
D13.1.3;D;13;3;1;1;1;1200;800;600;1000;VACIO;1;3
D13.1.4;D;13;4;1;1;1;1200;800;600;1000;VACIO;1;3
D13.2.0;D;13;0;2;1;1;1200;800;1000;10000;VACIO;1;5
D13.2.1;D;13;1;2;1;1;1200;800;600;1000;VACIO;1;3
D13.2.2;D;13;2;2;1;1;1200;800;600;1000;VACIO;1;3
D13.2.3;D;13;3;2;1;1;1200;800;600;1000;VACIO;1;3
D13.2.4;D;13;4;2;1;1;1200;800;600;1000;VACIO;1;3
D13.3.0;D;13;0;3;1;1;1200;800;1000;10000;VACIO;1;5
D13.3.1;D;13;1;3;1;1;1200;800;600;1000;VACIO;1;3
D13.3.2;D;13;2;3;1;1;1200;800;600;1000;VACIO;1;3
D13.3.3;D;13;3;3;1;1;1200;800;600;1000;VACIO;1;3
D13.3.4;D;13;4;3;1;1;1200;800;600;1000;VACIO;1;3
D14.1.0;D;14;0;1;1;1;1200;800;1000;10000;VACIO;1;5
D14.1.1;D;14;1;1;1;1;1200;800;600;1000;VACIO;1;3
D14.1.2;D;14;2;1;1;1;1200;800;600;1000;VACIO;1;3
D14.1.3;D;14;3;1;1;1;1200;800;600;1000;VACIO;1;3
D14.1.4;D;14;4;1;1;1;1200;800;600;1000;VACIO;1;3
D14.2.0;D;14;0;2;1;1;1200;800;1000;10000;VACIO;1;5
D14.2.1;D;14;1;2;1;1;1200;800;600;1000;VACIO;1;3
D14.2.2;D;14;2;2;1;1;1200;800;600;1000;VACIO;1;3
D14.2.3;D;14;3;2;1;1;1200;800;600;1000;VACIO;1;3
D14.2.4;D;14;4;2;1;1;1200;800;600;1000;VACIO;1;3
D14.3.0;D;14;0;3;1;1;1200;800;1000;10000;VACIO;1;5
D14.3.1;D;14;1;3;1;1;1200;800;600;1000;VACIO;1;3
D14.3.2;D;14;2;3;1;1;1200;800;600;1000;VACIO;1;3
D14.3.3;D;14;3;3;1;1;1200;800;600;1000;VACIO;1;3
D14.3.4;D;14;4;3;1;1;1200;800;600;1000;VACIO;1;3
D15.1.0;D;15;0;1;1;1;1200;800;1000;10000;VACIO;1;5
D15.1.1;D;15;1;1;1;1;1200;800;600;1000;VACIO;1;3
D15.1.2;D;15;2;1;1;1;1200;800;600;1000;VACIO;1;3
D15.1.3;D;15;3;1;1;1;1200;800;600;1000;VACIO;1;3
D15.1.4;D;15;4;1;1;1;1200;800;600;1000;VACIO;1;3
D15.2.0;D;15;0;2;1;1;1200;800;1000;10000;VACIO;1;5
D15.2.1;D;15;1;2;1;1;1200;800;600;1000;VACIO;1;3
D15.2.2;D;15;2;2;1;1;1200;800;600;1000;VACIO;1;3
D15.2.3;D;15;3;2;1;1;1200;800;600;1000;VACIO;1;3
D15.2.4;D;15;4;2;1;1;1200;800;600;1000;VACIO;1;3
D15.3.0;D;15;0;3;1;1;1200;800;1000;10000;VACIO;1;5
D15.3.1;D;15;1;3;1;1;1200;800;600;1000;VACIO;1;3
D15.3.2;D;15;2;3;1;1;1200;800;600;1000;VACIO;1;3
D15.3.3;D;15;3;3;1;1;1200;800;600;1000;VACIO;1;3
D15.3.4;D;15;4;3;1;1;1200;800;600;1000;VACIO;1;3
D16.1.0;D;16;0;1;1;1;1200;800;1000;10000;VACIO;1;5
D16.1.1;D;16;1;1;1;1;1200;800;600;1000;VACIO;1;3
D16.1.2;D;16;2;1;1;1;1200;800;600;1000;VACIO;1;3
D16.1.3;D;16;3;1;1;1;1200;800;600;1000;VACIO;1;3
D16.1.4;D;16;4;1;1;1;1200;800;600;1000;VACIO;1;3
D16.2.0;D;16;0;2;1;1;1200;800;1000;10000;VACIO;1;5
D16.2.1;D;16;1;2;1;1;1200;800;600;1000;VACIO;1;3
D16.2.2;D;16;2;2;1;1;1200;800;600;1000;VACIO;1;3
D16.2.3;D;16;3;2;1;1;1200;800;600;1000;VACIO;1;3
D16.2.4;D;16;4;2;1;1;1200;800;600;1000;VACIO;1;3
D16.3.0;D;16;0;3;1;1;1200;800;1000;10000;VACIO;1;5
D16.3.1;D;16;1;3;1;1;1200;800;600;1000;VACIO;1;3
D16.3.2;D;16;2;3;1;1;1200;800;600;1000;VACIO;1;3
D16.3.3;D;16;3;3;1;1;1200;800;600;1000;VACIO;1;3
D16.3.4;D;16;4;3;1;1;1200;800;600;1000;VACIO;1;3
D17.1.0;D;17;0;1;1;1;1200;800;1000;10000;VACIO;1;5
D17.1.1;D;17;1;1;1;1;1200;800;600;1000;VACIO;1;3
D17.1.2;D;17;2;1;1;1;1200;800;600;1000;VACIO;1;3
D17.1.3;D;17;3;1;1;1;1200;800;600;1000;VACIO;1;3
D17.1.4;D;17;4;1;1;1;1200;800;600;1000;VACIO;1;3
D17.2.0;D;17;0;2;1;1;1200;800;1000;10000;VACIO;1;5
D17.2.1;D;17;1;2;1;1;1200;800;600;1000;VACIO;1;3
D17.2.2;D;17;2;2;1;1;1200;800;600;1000;VACIO;1;3
D17.2.3;D;17;3;2;1;1;1200;800;600;1000;VACIO;1;3
D17.2.4;D;17;4;2;1;1;1200;800;600;1000;VACIO;1;3
D17.3.0;D;17;0;3;1;1;1200;800;1000;10000;VACIO;1;5
D17.3.1;D;17;1;3;1;1;1200;800;600;1000;VACIO;1;3
D17.3.2;D;17;2;3;1;1;1200;800;600;1000;VACIO;1;3
D17.3.3;D;17;3;3;1;1;1200;800;600;1000;VACIO;1;3
D17.3.4;D;17;4;3;1;1;1200;800;600;1000;VACIO;1;3
D18.1.0;D;18;0;1;1;1;1200;800;1000;10000;VACIO;1;5
D18.1.1;D;18;1;1;1;1;1200;800;600;1000;VACIO;1;3
D18.1.2;D;18;2;1;1;1;1200;800;600;1000;VACIO;1;3
D18.1.3;D;18;3;1;1;1;1200;800;600;1000;VACIO;1;3
D18.1.4;D;18;4;1;1;1;1200;800;600;1000;VACIO;1;3
D18.2.0;D;18;0;2;1;1;1200;800;1000;10000;VACIO;1;5
D18.2.1;D;18;1;2;1;1;1200;800;600;1000;VACIO;1;3
D18.2.2;D;18;2;2;1;1;1200;800;600;1000;VACIO;1;3
D18.2.3;D;18;3;2;1;1;1200;800;600;1000;VACIO;1;3
D18.2.4;D;18;4;2;1;1;1200;800;600;1000;VACIO;1;3
D18.3.0;D;18;0;3;1;1;1200;800;1000;10000;VACIO;1;5
D18.3.1;D;18;1;3;1;1;1200;800;600;1000;VACIO;1;3
D18.3.2;D;18;2;3;1;1;1200;800;600;1000;VACIO;1;3
D18.3.3;D;18;3;3;1;1;1200;800;600;1000;VACIO;1;3
D18.3.4;D;18;4;3;1;1;1200;800;600;1000;VACIO;1;3
D19.1.0;D;19;0;1;1;1;1200;800;1000;10000;VACIO;1;5
D19.1.1;D;19;1;1;1;1;1200;800;600;1000;VACIO;1;3
D19.1.2;D;19;2;1;1;1;1200;800;600;1000;VACIO;1;3
D19.1.3;D;19;3;1;1;1;1200;800;600;1000;VACIO;1;3
D19.1.4;D;19;4;1;1;1;1200;800;600;1000;VACIO;1;3
D19.2.0;D;19;0;2;1;1;1200;800;1000;10000;VACIO;1;5
D19.2.1;D;19;1;2;1;1;1200;800;600;1000;VACIO;1;3
D19.2.2;D;19;2;2;1;1;1200;800;600;1000;VACIO;1;3
D19.2.3;D;19;3;2;1;1;1200;800;600;1000;VACIO;1;3
D19.2.4;D;19;4;2;1;1;1200;800;600;1000;VACIO;1;3
D19.3.0;D;19;0;3;1;1;1200;800;1000;10000;VACIO;1;5
D19.3.1;D;19;1;3;1;1;1200;800;600;1000;VACIO;1;3
D19.3.2;D;19;2;3;1;1;1200;800;600;1000;VACIO;1;3
D19.3.3;D;19;3;3;1;1;1200;800;600;1000;VACIO;1;3
D19.3.4;D;19;4;3;1;1;1200;800;600;1000;VACIO;1;3
D20.1.0;D;20;0;1;1;1;1200;800;1000;10000;VACIO;1;5
D20.1.1;D;20;1;1;1;1;1200;800;600;1000;VACIO;1;3
D20.1.2;D;20;2;1;1;1;1200;800;600;1000;VACIO;1;3
D20.1.3;D;20;3;1;1;1;1200;800;600;1000;VACIO;1;3
D20.1.4;D;20;4;1;1;1;1200;800;600;1000;VACIO;1;3
D20.2.0;D;20;0;2;1;1;1200;800;1000;10000;VACIO;1;5
D20.2.1;D;20;1;2;1;1;1200;800;600;1000;VACIO;1;3
D20.2.2;D;20;2;2;1;1;1200;800;600;1000;VACIO;1;3
D20.2.3;D;20;3;2;1;1;1200;800;600;1000;VACIO;1;3
D20.2.4;D;20;4;2;1;1;1200;800;600;1000;VACIO;1;3
D20.3.0;D;20;0;3;1;1;1200;800;1000;10000;VACIO;1;5
D20.3.1;D;20;1;3;1;1;1200;800;600;1000;VACIO;1;3
D20.3.2;D;20;2;3;1;1;1200;800;600;1000;VACIO;1;3
D20.3.3;D;20;3;3;1;1;1200;800;600;1000;VACIO;1;3
D20.3.4;D;20;4;3;1;1;1200;800;600;1000;VACIO;1;3
F1.1.2;F;1;2;1;1;1;1200;800;600;1000;VACIO;1;3
F1.2.2;F;1;2;2;1;1;1200;800;600;1000;VACIO;1;3
F1.3.2;F;1;2;3;1;1;1200;800;600;1000;VACIO;1;3
F2.1.2;F;2;2;1;1;1;1200;800;600;1000;VACIO;1;3
F2.2.2;F;2;2;2;1;1;1200;800;600;1000;VACIO;1;3
F2.3.2;F;2;2;3;1;1;1200;800;600;1000;VACIO;1;3
F3.1.2;F;3;2;1;1;1;1200;800;600;1000;VACIO;1;3
F3.2.2;F;3;2;2;1;1;1200;800;600;1000;VACIO;1;3
F3.3.2;F;3;2;3;1;1;1200;800;600;1000;VACIO;1;3
F4.1.2;F;4;2;1;1;1;1200;800;600;1000;VACIO;1;3
F4.2.2;F;4;2;2;1;1;1200;800;600;1000;VACIO;1;3
F4.3.2;F;4;2;3;1;1;1200;800;600;1000;VACIO;1;3
F5.1.2;F;5;2;1;1;1;1200;800;600;1000;VACIO;1;3
F5.2.2;F;5;2;2;1;1;1200;800;600;1000;VACIO;1;3
F5.3.2;F;5;2;3;1;1;1200;800;600;1000;VACIO;1;3
F6.1.2;F;6;2;1;1;1;1200;800;600;1000;VACIO;1;3
F6.2.2;F;6;2;2;1;1;1200;800;600;1000;VACIO;1;3
F6.3.2;F;6;2;3;1;1;1200;800;600;1000;VACIO;1;3
F7.1.2;F;7;2;1;1;1;1200;800;600;1000;VACIO;1;3
F7.2.2;F;7;2;2;1;1;1200;800;600;1000;VACIO;1;3
F7.3.2;F;7;2;3;1;1;1200;800;600;1000;VACIO;1;3
F8.1.2;F;8;2;1;1;1;1200;800;600;1000;VACIO;1;3
F8.2.2;F;8;2;2;1;1;1200;800;600;1000;VACIO;1;3
F8.3.2;F;8;2;3;1;1;1200;800;600;1000;VACIO;1;3
F9.1.2;F;9;2;1;1;1;1200;800;600;1000;VACIO;1;3
F9.2.2;F;9;2;2;1;1;1200;800;600;1000;VACIO;1;3
F9.3.2;F;9;2;3;1;1;1200;800;600;1000;VACIO;1;3
F10.1.2;F;10;2;1;1;1;1200;800;600;1000;VACIO;1;3
F10.2.2;F;10;2;2;1;1;1200;800;600;1000;VACIO;1;3
F10.3.2;F;10;2;3;1;1;1200;800;600;1000;VACIO;1;3
D21.1.4;D;21;4;1;1;1;1200;800;600;1000;VACIO;1;3
D21.2.4;D;21;4;2;1;1;1200;800;600;1000;VACIO;1;3
D21.1.3;D;21;3;1;1;1;1200;800;600;1000;VACIO;1;3
D21.1.2;D;21;2;1;1;1;1200;800;600;1000;VACIO;1;3
D21.1.1;D;21;1;1;1;1;1200;800;600;1000;VACIO;1;3
D21.2.3;D;21;3;2;1;1;1200;800;600;1000;VACIO;1;3
D21.2.2;D;21;2;2;1;1;1200;800;600;1000;VACIO;1;3
D21.2.1;D;21;1;2;1;1;1200;800;600;1000;VACIO;1;3
D21.2.0;D;21;0;2;1;1;1200;800;1000;10000;VACIO;1;5
D21.3.3;D;21;3;3;1;1;1200;800;600;1000;VACIO;1;3
D21.3.2;D;21;2;3;1;1;1200;800;600;1000;VACIO;1;3
D21.3.1;D;21;1;3;1;1;1200;800;600;1000;VACIO;1;3
D21.3.0;D;21;0;3;1;1;1200;800;1000;10000;VACIO;1;5
D21.1.0;D;21;0;1;1;1;1200;800;1000;10000;VACIO;1;5
D21.3.4;D;21;4;3;1;1;1200;800;600;1000;VACIO;1;3
J1.1.0;J;1;0;1;1;1;1200;800;1000;10000;VACIO;1;5
J1.1.1;J;1;1;1;1;1;1200;800;600;1000;VACIO;1;3
J1.1.2;J;1;2;1;1;1;1200;800;600;1000;VACIO;1;3
J1.1.3;J;1;3;1;1;1;1200;800;600;1000;VACIO;1;3
J1.1.4;J;1;4;1;1;1;1200;800;600;1000;VACIO;1;3
J1.2.0;J;1;0;2;1;1;1200;800;1000;10000;VACIO;1;5
J1.2.1;J;1;1;2;1;1;1200;800;600;1000;VACIO;1;3
J1.2.2;J;1;2;2;1;1;1200;800;600;1000;VACIO;1;3
J1.2.3;J;1;3;2;1;1;1200;800;600;1000;VACIO;1;3
J1.2.4;J;1;4;2;1;1;1200;800;600;1000;VACIO;1;3
J1.3.0;J;1;0;3;1;1;1200;800;1000;10000;VACIO;1;5
J1.3.1;J;1;1;3;1;1;1200;800;600;1000;VACIO;1;3
J1.3.2;J;1;2;3;1;1;1200;800;600;1000;VACIO;1;3
J1.3.3;J;1;3;3;1;1;1200;800;600;1000;VACIO;1;3
J1.3.4;J;1;4;3;1;1;1200;800;600;1000;VACIO;1;3
J2.1.0;J;2;0;1;1;1;1200;800;1000;10000;VACIO;1;5
J2.1.1;J;2;1;1;1;1;1200;800;600;1000;VACIO;1;3
J2.1.2;J;2;2;1;1;1;1200;800;600;1000;VACIO;1;3
J2.1.3;J;2;3;1;1;1;1200;800;600;1000;VACIO;1;3
J2.1.4;J;2;4;1;1;1;1200;800;600;1000;VACIO;1;3
J2.2.0;J;2;0;2;1;1;1200;800;1000;10000;VACIO;1;5
J2.2.1;J;2;1;2;1;1;1200;800;600;1000;VACIO;1;3
J2.2.2;J;2;2;2;1;1;1200;800;600;1000;VACIO;1;3
J2.2.3;J;2;3;2;1;1;1200;800;600;1000;VACIO;1;3
J2.2.4;J;2;4;2;1;1;1200;800;600;1000;VACIO;1;3
J2.3.0;J;2;0;3;1;1;1200;800;1000;10000;VACIO;1;5
J2.3.1;J;2;1;3;1;1;1200;800;600;1000;VACIO;1;3
J2.3.2;J;2;2;3;1;1;1200;800;600;1000;VACIO;1;3
J2.3.3;J;2;3;3;1;1;1200;800;600;1000;VACIO;1;3
J2.3.4;J;2;4;3;1;1;1200;800;600;1000;VACIO;1;3
J3.1.0;J;3;0;1;1;1;1200;800;1000;10000;VACIO;1;5
J3.1.1;J;3;1;1;1;1;1200;800;600;1000;VACIO;1;3
J3.1.2;J;3;2;1;1;1;1200;800;600;1000;VACIO;1;3
J3.1.3;J;3;3;1;1;1;1200;800;600;1000;VACIO;1;3
J3.1.4;J;3;4;1;1;1;1200;800;600;1000;VACIO;1;3
J3.2.0;J;3;0;2;1;1;1200;800;1000;10000;VACIO;1;5
J3.2.1;J;3;1;2;1;1;1200;800;600;1000;VACIO;1;3
J3.2.2;J;3;2;2;1;1;1200;800;600;1000;VACIO;1;3
J3.2.3;J;3;3;2;1;1;1200;800;600;1000;VACIO;1;3
J3.2.4;J;3;4;2;1;1;1200;800;600;1000;VACIO;1;3
J3.3.0;J;3;0;3;1;1;1200;800;1000;10000;VACIO;1;5
J3.3.1;J;3;1;3;1;1;1200;800;600;1000;VACIO;1;3
J3.3.2;J;3;2;3;1;1;1200;800;600;1000;VACIO;1;3
J3.3.3;J;3;3;3;1;1;1200;800;600;1000;VACIO;1;3
J3.3.4;J;3;4;3;1;1;1200;800;600;1000;VACIO;1;3
J4.1.0;J;4;0;1;1;1;1200;800;1000;10000;VACIO;1;5
J4.1.2;J;4;2;1;1;1;1200;800;600;1000;VACIO;1;3
J4.1.3;J;4;3;1;1;1;1200;800;600;1000;VACIO;1;3
J4.1.4;J;4;4;1;1;1;1200;800;600;1000;VACIO;1;3
J4.2.0;J;4;0;2;1;1;1200;800;1000;10000;VACIO;1;5
J4.2.1;J;4;1;2;1;1;1200;800;600;1000;VACIO;1;3
J4.2.2;J;4;2;2;1;1;1200;800;600;1000;VACIO;1;3
J4.2.3;J;4;3;2;1;1;1200;800;600;1000;VACIO;1;3
J4.2.4;J;4;4;2;1;1;1200;800;600;1000;VACIO;1;3
J4.3.0;J;4;0;3;1;1;1200;800;1000;10000;VACIO;1;5
J4.3.1;J;4;1;3;1;1;1200;800;600;1000;VACIO;1;3
J4.3.2;J;4;2;3;1;1;1200;800;600;1000;VACIO;1;3
J4.3.3;J;4;3;3;1;1;1200;800;600;1000;VACIO;1;3
J4.3.4;J;4;4;3;1;1;1200;800;600;1000;VACIO;1;3
J5.1.0;J;5;0;1;1;1;1200;800;1000;10000;VACIO;1;5
J5.1.1;J;5;1;1;1;1;1200;800;600;1000;VACIO;1;3
J5.1.2;J;5;2;1;1;1;1200;800;600;1000;VACIO;1;3
J5.1.3;J;5;3;1;1;1;1200;800;600;1000;VACIO;1;3
J5.1.4;J;5;4;1;1;1;1200;800;600;1000;VACIO;1;3
J5.2.0;J;5;0;2;1;1;1200;800;1000;10000;VACIO;1;5
J5.2.1;J;5;1;2;1;1;1200;800;600;1000;VACIO;1;3
J5.2.2;J;5;2;2;1;1;1200;800;600;1000;VACIO;1;3
J5.2.3;J;5;3;2;1;1;1200;800;600;1000;VACIO;1;3
J5.2.4;J;5;4;2;1;1;1200;800;600;1000;VACIO;1;3
J5.3.0;J;5;0;3;1;1;1200;800;1000;10000;VACIO;1;5
J5.3.1;J;5;1;3;1;1;1200;800;600;1000;VACIO;1;3
J5.3.2;J;5;2;3;1;1;1200;800;600;1000;VACIO;1;3
J5.3.3;J;5;3;3;1;1;1200;800;600;1000;VACIO;1;3
J5.3.4;J;5;4;3;1;1;1200;800;600;1000;VACIO;1;3
K1.1.0;K;1;0;1;1;1;1200;800;1000;10000;VACIO;1;5
K1.1.1;K;1;1;1;1;1;1200;800;600;1000;VACIO;1;3
K1.1.2;K;1;2;1;1;1;1200;800;600;1000;VACIO;1;3
K1.1.3;K;1;3;1;1;1;1200;800;600;1000;VACIO;1;3
K1.1.4;K;1;4;1;1;1;1200;800;600;1000;VACIO;1;3
K1.2.0;K;1;0;2;1;1;1200;800;1000;10000;VACIO;1;5
K1.2.1;K;1;1;2;1;1;1200;800;600;1000;VACIO;1;3
K1.2.2;K;1;2;2;1;1;1200;800;600;1000;VACIO;1;3
K1.2.3;K;1;3;2;1;1;1200;800;600;1000;VACIO;1;3
K1.2.4;K;1;4;2;1;1;1200;800;600;1000;VACIO;1;3
K1.3.0;K;1;0;3;1;1;1200;800;1000;10000;VACIO;1;5
K1.3.1;K;1;1;3;1;1;1200;800;600;1000;VACIO;1;3
K1.3.2;K;1;2;3;1;1;1200;800;600;1000;VACIO;1;3
K1.3.3;K;1;3;3;1;1;1200;800;600;1000;VACIO;1;3
K1.3.4;K;1;4;3;1;1;1200;800;600;1000;VACIO;1;3
K2.1.0;K;2;0;1;1;1;1200;800;1000;10000;VACIO;1;5
K2.1.1;K;2;1;1;1;1;1200;800;600;1000;VACIO;1;3
K2.1.2;K;2;2;1;1;1;1200;800;600;1000;VACIO;1;3
K2.1.3;K;2;3;1;1;1;1200;800;600;1000;VACIO;1;3
K2.1.4;K;2;4;1;1;1;1200;800;600;1000;VACIO;1;3
K2.2.0;K;2;0;2;1;1;1200;800;1000;10000;VACIO;1;5
K2.2.1;K;2;1;2;1;1;1200;800;600;1000;VACIO;1;3
K2.2.2;K;2;2;2;1;1;1200;800;600;1000;VACIO;1;3
K2.2.3;K;2;3;2;1;1;1200;800;600;1000;VACIO;1;3
K2.2.4;K;2;4;2;1;1;1200;800;600;1000;VACIO;1;3
K2.3.0;K;2;0;3;1;1;1200;800;1000;10000;VACIO;1;5
K2.3.1;K;2;1;3;1;1;1200;800;600;1000;VACIO;1;3
K2.3.2;K;2;2;3;1;1;1200;800;600;1000;VACIO;1;3
K2.3.3;K;2;3;3;1;1;1200;800;600;1000;VACIO;1;3
K2.3.4;K;2;4;3;1;1;1200;800;600;1000;VACIO;1;3
K3.1.0;K;3;0;1;1;1;1200;800;1000;10000;VACIO;1;5
K3.1.1;K;3;1;1;1;1;1200;800;600;1000;VACIO;1;3
K3.1.2;K;3;2;1;1;1;1200;800;600;1000;VACIO;1;3
K3.1.3;K;3;3;1;1;1;1200;800;600;1000;VACIO;1;3
K3.1.4;K;3;4;1;1;1;1200;800;600;1000;VACIO;1;3
K3.2.0;K;3;0;2;1;1;1200;800;1000;10000;VACIO;1;5
K3.2.1;K;3;1;2;1;1;1200;800;600;1000;VACIO;1;3
K3.2.2;K;3;2;2;1;1;1200;800;600;1000;VACIO;1;3
K3.2.3;K;3;3;2;1;1;1200;800;600;1000;VACIO;1;3
K3.2.4;K;3;4;2;1;1;1200;800;600;1000;VACIO;1;3
K3.3.0;K;3;0;3;1;1;1200;800;1000;10000;VACIO;1;5
K3.3.1;K;3;1;3;1;1;1200;800;600;1000;VACIO;1;3
K3.3.2;K;3;2;3;1;1;1200;800;600;1000;VACIO;1;3
K3.3.3;K;3;3;3;1;1;1200;800;600;1000;VACIO;1;3
K3.3.4;K;3;4;3;1;1;1200;800;600;1000;VACIO;1;3
K4.1.0;K;4;0;1;1;1;1200;800;1000;10000;VACIO;1;5
K4.1.1;K;4;1;1;1;1;1200;800;600;1000;VACIO;1;3
K4.1.2;K;4;2;1;1;1;1200;800;600;1000;VACIO;1;3
K4.1.3;K;4;3;1;1;1;1200;800;600;1000;VACIO;1;3
K4.1.4;K;4;4;1;1;1;1200;800;600;1000;VACIO;1;3
K4.2.0;K;4;0;2;1;1;1200;800;1000;10000;VACIO;1;5
K4.2.1;K;4;1;2;1;1;1200;800;600;1000;VACIO;1;3
K4.2.2;K;4;2;2;1;1;1200;800;600;1000;VACIO;1;3
K4.2.3;K;4;3;2;1;1;1200;800;600;1000;VACIO;1;3
K4.2.4;K;4;4;2;1;1;1200;800;600;1000;VACIO;1;3
K4.3.0;K;4;0;3;1;1;1200;800;1000;10000;VACIO;1;5
K4.3.1;K;4;1;3;1;1;1200;800;600;1000;VACIO;1;3
K4.3.2;K;4;2;3;1;1;1200;800;600;1000;VACIO;1;3
K4.3.3;K;4;3;3;1;1;1200;800;600;1000;VACIO;1;3
K4.3.4;K;4;4;3;1;1;1200;800;600;1000;VACIO;1;3
K5.1.0;K;5;0;1;1;1;1200;800;1000;10000;VACIO;1;5
K5.1.1;K;5;1;1;1;1;1200;800;600;1000;VACIO;1;3
K5.1.2;K;5;2;1;1;1;1200;800;600;1000;VACIO;1;3
K5.1.3;K;5;3;1;1;1;1200;800;600;1000;VACIO;1;3
K5.1.4;K;5;4;1;1;1;1200;800;600;1000;VACIO;1;3
K5.2.0;K;5;0;2;1;1;1200;800;1000;10000;VACIO;1;5
K5.2.1;K;5;1;2;1;1;1200;800;600;1000;VACIO;1;3
K5.2.2;K;5;2;2;1;1;1200;800;600;1000;VACIO;1;3
K5.2.3;K;5;3;2;1;1;1200;800;600;1000;VACIO;1;3
K5.2.4;K;5;4;2;1;1;1200;800;600;1000;VACIO;1;3
K5.3.0;K;5;0;3;1;1;1200;800;1000;10000;VACIO;1;5
K5.3.1;K;5;1;3;1;1;1200;800;600;1000;VACIO;1;3
K5.3.2;K;5;2;3;1;1;1200;800;600;1000;VACIO;1;3
K5.3.3;K;5;3;3;1;1;1200;800;600;1000;VACIO;1;3
K5.3.4;K;5;4;3;1;1;1200;800;600;1000;VACIO;1;3
G1.1.0;G;1;0;1;1;1;1200;800;1000;10000;VACIO;1;5
G1.1.1;G;1;1;1;1;1;1200;800;600;1000;VACIO;1;3
G1.1.2;G;1;2;1;1;1;1200;800;600;1000;VACIO;1;3
G1.1.3;G;1;3;1;1;1;1200;800;600;1000;VACIO;1;3
G1.1.4;G;1;4;1;1;1;1200;800;600;1000;VACIO;1;3
G1.2.0;G;1;0;2;1;1;1200;800;1000;10000;VACIO;1;5
G1.2.1;G;1;1;2;1;1;1200;800;600;1000;VACIO;1;3
G1.2.2;G;1;2;2;1;1;1200;800;600;1000;VACIO;1;3
G1.2.3;G;1;3;2;1;1;1200;800;600;1000;VACIO;1;3
G1.2.4;G;1;4;2;1;1;1200;800;600;1000;VACIO;1;3
G1.3.0;G;1;0;3;1;1;1200;800;1000;10000;VACIO;1;5
G1.3.1;G;1;1;3;1;1;1200;800;600;1000;VACIO;1;3
G1.3.2;G;1;2;3;1;1;1200;800;600;1000;VACIO;1;3
G1.3.3;G;1;3;3;1;1;1200;800;600;1000;VACIO;1;3
G1.3.4;G;1;4;3;1;1;1200;800;600;1000;VACIO;1;3
G2.1.0;G;2;0;1;1;1;1200;800;1000;10000;VACIO;1;5
G2.1.1;G;2;1;1;1;1;1200;800;600;1000;VACIO;1;3
G2.1.2;G;2;2;1;1;1;1200;800;600;1000;VACIO;1;3
G2.1.3;G;2;3;1;1;1;1200;800;600;1000;VACIO;1;3
G2.1.4;G;2;4;1;1;1;1200;800;600;1000;VACIO;1;3
G2.2.0;G;2;0;2;1;1;1200;800;1000;10000;VACIO;1;5
G2.2.1;G;2;1;2;1;1;1200;800;600;1000;VACIO;1;3
G2.2.2;G;2;2;2;1;1;1200;800;600;1000;VACIO;1;3
G2.2.3;G;2;3;2;1;1;1200;800;600;1000;VACIO;1;3
G2.2.4;G;2;4;2;1;1;1200;800;600;1000;VACIO;1;3
G2.3.0;G;2;0;3;1;1;1200;800;1000;10000;VACIO;1;5
G2.3.1;G;2;1;3;1;1;1200;800;600;1000;VACIO;1;3
G2.3.2;G;2;2;3;1;1;1200;800;600;1000;VACIO;1;3
G2.3.3;G;2;3;3;1;1;1200;800;600;1000;VACIO;1;3
G2.3.4;G;2;4;3;1;1;1200;800;600;1000;VACIO;1;3
T1.1.0;T;1;0;1;1;1;1200;800;1000;10000;VACIO;1;5
T1.1.1;T;1;1;1;1;1;1200;800;600;1000;VACIO;1;3
T1.1.2;T;1;2;1;1;1;1200;800;600;1000;VACIO;1;3
T1.1.3;T;1;3;1;1;1;1200;800;600;1000;VACIO;1;3
T1.1.4;T;1;4;1;1;1;1200;800;600;1000;VACIO;1;3
T1.2.0;T;1;0;2;1;1;1200;800;1000;10000;VACIO;1;5
T1.2.1;T;1;1;2;1;1;1200;800;600;1000;VACIO;1;3
T1.2.2;T;1;2;2;1;1;1200;800;600;1000;VACIO;1;3
T1.2.3;T;1;3;2;1;1;1200;800;600;1000;VACIO;1;3
T1.2.4;T;1;4;2;1;1;1200;800;600;1000;VACIO;1;3
T2.1.0;T;2;0;1;1;1;1200;800;1000;10000;VACIO;1;5
T2.1.1;T;2;1;1;1;1;1200;800;600;1000;VACIO;1;3
T2.1.2;T;2;2;1;1;1;1200;800;600;1000;VACIO;1;3
T2.1.3;T;2;3;1;1;1;1200;800;600;1000;VACIO;1;3
T2.1.4;T;2;4;1;1;1;1200;800;600;1000;VACIO;1;3
T2.2.0;T;2;0;2;1;1;1200;800;1000;10000;VACIO;1;5
T2.2.1;T;2;1;2;1;1;1200;800;600;1000;VACIO;1;3
T2.2.2;T;2;2;2;1;1;1200;800;600;1000;VACIO;1;3
T2.2.3;T;2;3;2;1;1;1200;800;600;1000;VACIO;1;3
T2.2.4;T;2;4;2;1;1;1200;800;600;1000;VACIO;1;3
T3.1.0;T;3;0;1;1;1;1200;800;1000;10000;VACIO;1;5
T3.1.1;T;3;1;1;1;1;1200;800;600;1000;VACIO;1;3
T3.1.2;T;3;2;1;1;1;1200;800;600;1000;VACIO;1;3
T3.1.3;T;3;3;1;1;1;1200;800;600;1000;VACIO;1;3
T3.1.4;T;3;4;1;1;1;1200;800;600;1000;VACIO;1;3
T3.2.0;T;3;0;2;1;1;1200;800;1000;10000;VACIO;1;5
T3.2.1;T;3;1;2;1;1;1200;800;600;1000;VACIO;1;3
T3.2.2;T;3;2;2;1;1;1200;800;600;1000;VACIO;1;3
T3.2.3;T;3;3;2;1;1;1200;800;600;1000;VACIO;1;3
T3.2.4;T;3;4;2;1;1;1200;800;600;1000;VACIO;1;3
T4.1.0;T;4;0;1;1;1;1200;800;1000;10000;VACIO;1;5
T4.1.1;T;4;1;1;1;1;1200;800;600;1000;VACIO;1;3
T4.1.2;T;4;2;1;1;1;1200;800;600;1000;VACIO;1;3
T4.1.3;T;4;3;1;1;1;1200;800;600;1000;VACIO;1;3
T4.1.4;T;4;4;1;1;1;1200;800;600;1000;VACIO;1;3
T4.2.0;T;4;0;2;1;1;1200;800;1000;10000;VACIO;1;5
T4.2.1;T;4;1;2;1;1;1200;800;600;1000;VACIO;1;3
T4.2.2;T;4;2;2;1;1;1200;800;600;1000;VACIO;1;3
T4.2.3;T;4;3;2;1;1;1200;800;600;1000;VACIO;1;3
T4.2.4;T;4;4;2;1;1;1200;800;600;1000;VACIO;1;3
M1.1.0;M;1;0;1;1;1;1200;800;1000;10000;VACIO;1;5
M1.1.1;M;1;1;1;1;1;1200;800;600;1000;VACIO;1;3
M1.1.2;M;1;2;1;1;1;1200;800;600;1000;VACIO;1;3
M1.2.0;M;1;0;2;1;1;1200;800;1000;10000;VACIO;1;5
M1.2.1;M;1;1;2;1;1;1200;800;600;1000;VACIO;1;3
M1.2.2;M;1;2;2;1;1;1200;800;600;1000;VACIO;1;3
M1.3.1;M;1;1;3;1;1;1200;800;600;1000;VACIO;1;3
M1.3.2;M;1;2;3;1;1;1200;800;600;1000;VACIO;1;3
M2.1.0;M;2;0;1;1;1;1200;800;1000;10000;VACIO;1;5
M2.1.1;M;2;1;1;1;1;1200;800;600;1000;VACIO;1;3
M2.1.2;M;2;2;1;1;1;1200;800;600;1000;VACIO;1;3
M2.2.0;M;2;0;2;1;1;1200;800;1000;10000;VACIO;1;5
M2.2.1;M;2;1;2;1;1;1200;800;600;1000;VACIO;1;3
M2.2.2;M;2;2;2;1;1;1200;800;600;1000;VACIO;1;3
M2.3.0;M;2;0;3;1;1;1200;800;1000;10000;VACIO;1;5
M2.3.1;M;2;1;3;1;1;1200;800;600;1000;VACIO;1;3
M2.3.2;M;2;2;3;1;1;1200;800;600;1000;VACIO;1;3
M3.1.0;M;3;0;1;1;1;1200;800;1000;10000;VACIO;1;5
M3.1.1;M;3;1;1;1;1;1200;800;600;1000;VACIO;1;3
M3.1.2;M;3;2;1;1;1;1200;800;600;1000;VACIO;1;3
M3.2.0;M;3;0;2;1;1;1200;800;1000;10000;VACIO;1;5
M3.2.1;M;3;1;2;1;1;1200;800;600;1000;VACIO;1;3
M3.2.2;M;3;2;2;1;1;1200;800;600;1000;VACIO;1;3
M3.3.0;M;3;0;3;1;1;1200;800;1000;10000;VACIO;1;5
M3.3.1;M;3;1;3;1;1;1200;800;600;1000;VACIO;1;3
M3.3.2;M;3;2;3;1;1;1200;800;600;1000;VACIO;1;3
M4.1.0;M;4;0;1;1;1;1200;800;1000;10000;VACIO;1;5
M4.1.1;M;4;1;1;1;1;1200;800;600;1000;VACIO;1;3
M4.1.2;M;4;2;1;1;1;1200;800;600;1000;VACIO;1;3
M4.2.0;M;4;0;2;1;1;1200;800;1000;10000;VACIO;1;5
M4.2.1;M;4;1;2;1;1;1200;800;600;1000;VACIO;1;3
M4.2.2;M;4;2;2;1;1;1200;800;600;1000;VACIO;1;3
M4.3.0;M;4;0;3;1;1;1200;800;1000;10000;VACIO;1;5
M4.3.1;M;4;1;3;1;1;1200;800;600;1000;VACIO;1;3
M4.3.2;M;4;2;3;1;1;1200;800;600;1000;VACIO;1;3
M5.1.0;M;5;0;1;1;1;1200;800;1000;10000;VACIO;1;5
M5.1.1;M;5;1;1;1;1;1200;800;600;1000;VACIO;1;3
M5.1.2;M;5;2;1;1;1;1200;800;600;1000;VACIO;1;3
M5.2.0;M;5;0;2;1;1;1200;800;1000;10000;VACIO;1;5
M5.2.1;M;5;1;2;1;1;1200;800;600;1000;VACIO;1;3
M5.2.2;M;5;2;2;1;1;1200;800;600;1000;VACIO;1;3
M5.3.0;M;5;0;3;1;1;1200;800;1000;10000;VACIO;1;5
M5.3.1;M;5;1;3;1;1;1200;800;600;1000;VACIO;1;3
M5.3.2;M;5;2;3;1;1;1200;800;600;1000;VACIO;1;3
M6.1.0;M;6;0;1;1;1;1200;800;1000;10000;VACIO;1;5
M6.1.1;M;6;1;1;1;1;1200;800;600;1000;VACIO;1;3
M6.1.2;M;6;2;1;1;1;1200;800;600;1000;VACIO;1;3
M6.2.0;M;6;0;2;1;1;1200;800;1000;10000;VACIO;1;5
M6.2.1;M;6;1;2;1;1;1200;800;600;1000;VACIO;1;3
M6.2.2;M;6;2;2;1;1;1200;800;600;1000;VACIO;1;3
M6.3.0;M;6;0;3;1;1;1200;800;1000;10000;VACIO;1;5
M6.3.1;M;6;1;3;1;1;1200;800;600;1000;VACIO;1;3
M1.3.0;M;1;0;3;1;1;1200;800;1000;10000;VACIO;1;5
M6.3.2;M;6;2;3;1;1;1200;800;600;1000;VACIO;1;3
O1.1.0;O;1;0;1;1;1;1200;800;1000;10000;VACIO;1;5
O1.1.1;O;1;1;1;1;1;1200;800;600;1000;VACIO;1;3
O1.1.2;O;1;2;1;1;1;1200;800;600;1000;VACIO;1;3
O1.1.3;O;1;3;1;1;1;1200;800;600;1000;VACIO;1;3
O1.1.4;O;1;4;1;1;1;1200;800;600;1000;VACIO;1;3
O1.2.0;O;1;0;2;1;1;1200;800;1000;10000;VACIO;1;5
O1.2.1;O;1;1;2;1;1;1200;800;600;1000;VACIO;1;3
O1.2.2;O;1;2;2;1;1;1200;800;600;1000;VACIO;1;3
O1.2.3;O;1;3;2;1;1;1200;800;600;1000;VACIO;1;3
O1.2.4;O;1;4;2;1;1;1200;800;600;1000;VACIO;1;3
O1.3.0;O;1;0;3;1;1;1200;800;1000;10000;VACIO;1;5
O1.3.1;O;1;1;3;1;1;1200;800;600;1000;VACIO;1;3
O1.3.2;O;1;2;3;1;1;1200;800;600;1000;VACIO;1;3
O1.3.3;O;1;3;3;1;1;1200;800;600;1000;VACIO;1;3
O1.3.4;O;1;4;3;1;1;1200;800;600;1000;VACIO;1;3
O2.1.0;O;2;0;1;1;1;1200;800;1000;10000;VACIO;1;5
O2.1.1;O;2;1;1;1;1;1200;800;600;1000;VACIO;1;3
O2.1.2;O;2;2;1;1;1;1200;800;600;1000;VACIO;1;3
O2.1.3;O;2;3;1;1;1;1200;800;600;1000;VACIO;1;3
O2.1.4;O;2;4;1;1;1;1200;800;600;1000;VACIO;1;3
O2.2.0;O;2;0;2;1;1;1200;800;1000;10000;VACIO;1;5
O2.2.1;O;2;1;2;1;1;1200;800;600;1000;VACIO;1;3
O2.2.2;O;2;2;2;1;1;1200;800;600;1000;VACIO;1;3
O2.2.3;O;2;3;2;1;1;1200;800;600;1000;VACIO;1;3
O2.2.4;O;2;4;2;1;1;1200;800;600;1000;VACIO;1;3
O2.3.0;O;2;0;3;1;1;1200;800;1000;10000;VACIO;1;5
O2.3.1;O;2;1;3;1;1;1200;800;600;1000;VACIO;1;3
O2.3.2;O;2;2;3;1;1;1200;800;600;1000;VACIO;1;3
O2.3.3;O;2;3;3;1;1;1200;800;600;1000;VACIO;1;3
O2.3.4;O;2;4;3;1;1;1200;800;600;1000;VACIO;1;3
O3.1.0;O;3;0;1;1;1;1200;800;1000;10000;VACIO;1;5
O3.1.1;O;3;1;1;1;1;1200;800;600;1000;VACIO;1;3
O3.1.2;O;3;2;1;1;1;1200;800;600;1000;VACIO;1;3
O3.1.3;O;3;3;1;1;1;1200;800;600;1000;VACIO;1;3
O3.1.4;O;3;4;1;1;1;1200;800;600;1000;VACIO;1;3
O3.2.0;O;3;0;2;1;1;1200;800;1000;10000;VACIO;1;5
O3.2.1;O;3;1;2;1;1;1200;800;600;1000;VACIO;1;3
O3.2.2;O;3;2;2;1;1;1200;800;600;1000;VACIO;1;3
O3.2.3;O;3;3;2;1;1;1200;800;600;1000;VACIO;1;3
O3.2.4;O;3;4;2;1;1;1200;800;600;1000;VACIO;1;3
O3.3.0;O;3;0;3;1;1;1200;800;1000;10000;VACIO;1;5
O3.3.1;O;3;1;3;1;1;1200;800;600;1000;VACIO;1;3
O3.3.2;O;3;2;3;1;1;1200;800;600;1000;VACIO;1;3
O3.3.3;O;3;3;3;1;1;1200;800;600;1000;VACIO;1;3
O3.3.4;O;3;4;3;1;1;1200;800;600;1000;VACIO;1;3
H1.1.0;H;1;0;1;1;1;1200;800;1000;10000;VACIO;1;5
H1.1.1;H;1;1;1;1;1;1200;800;600;1000;VACIO;1;3
H1.1.2;H;1;2;1;1;1;1200;800;600;1000;VACIO;1;3
H1.1.3;H;1;3;1;1;1;1200;800;600;1000;VACIO;1;3
H1.1.4;H;1;4;1;1;1;1200;800;600;1000;VACIO;1;3
H1.2.0;H;1;0;2;1;1;1200;800;1000;10000;VACIO;1;5
H1.2.1;H;1;1;2;1;1;1200;800;600;1000;VACIO;1;3
H1.2.2;H;1;2;2;1;1;1200;800;600;1000;VACIO;1;3
H1.2.3;H;1;3;2;1;1;1200;800;600;1000;VACIO;1;3
H1.2.4;H;1;4;2;1;1;1200;800;600;1000;VACIO;1;3
H1.3.0;H;1;0;3;1;1;1200;800;1000;10000;VACIO;1;5
H1.3.1;H;1;1;3;1;1;1200;800;600;1000;VACIO;1;3
H1.3.2;H;1;2;3;1;1;1200;800;600;1000;VACIO;1;3
H1.3.3;H;1;3;3;1;1;1200;800;600;1000;VACIO;1;3
H1.3.4;H;1;4;3;1;1;1200;800;600;1000;VACIO;1;3
H2.1.0;H;2;0;1;1;1;1200;800;1000;10000;VACIO;1;5
H2.1.1;H;2;1;1;1;1;1200;800;600;1000;VACIO;1;3
H2.1.2;H;2;2;1;1;1;1200;800;600;1000;VACIO;1;3
H2.1.3;H;2;3;1;1;1;1200;800;600;1000;VACIO;1;3
H2.1.4;H;2;4;1;1;1;1200;800;600;1000;VACIO;1;3
H2.2.0;H;2;0;2;1;1;1200;800;1000;10000;VACIO;1;5
H2.2.1;H;2;1;2;1;1;1200;800;600;1000;VACIO;1;3
H2.2.2;H;2;2;2;1;1;1200;800;600;1000;VACIO;1;3
H2.2.3;H;2;3;2;1;1;1200;800;600;1000;VACIO;1;3
H2.2.4;H;2;4;2;1;1;1200;800;600;1000;VACIO;1;3
H2.3.0;H;2;0;3;1;1;1200;800;1000;10000;VACIO;1;5
H2.3.1;H;2;1;3;1;1;1200;800;600;1000;VACIO;1;3
H2.3.2;H;2;2;3;1;1;1200;800;600;1000;VACIO;1;3
H2.3.3;H;2;3;3;1;1;1200;800;600;1000;VACIO;1;3
H2.3.4;H;2;4;3;1;1;1200;800;600;1000;VACIO;1;3
H3.1.0;H;3;0;1;1;1;1200;800;1000;10000;VACIO;1;5
H3.1.1;H;3;1;1;1;1;1200;800;600;1000;VACIO;1;3
H3.1.2;H;3;2;1;1;1;1200;800;600;1000;VACIO;1;3
H3.1.3;H;3;3;1;1;1;1200;800;600;1000;VACIO;1;3
H3.1.4;H;3;4;1;1;1;1200;800;600;1000;VACIO;1;3
H3.2.0;H;3;0;2;1;1;1200;800;1000;10000;VACIO;1;5
H3.2.1;H;3;1;2;1;1;1200;800;600;1000;VACIO;1;3
H3.2.2;H;3;2;2;1;1;1200;800;600;1000;VACIO;1;3
H3.2.3;H;3;3;2;1;1;1200;800;600;1000;VACIO;1;3
H3.2.4;H;3;4;2;1;1;1200;800;600;1000;VACIO;1;3
H3.3.0;H;3;0;3;1;1;1200;800;1000;10000;VACIO;1;5
H3.3.1;H;3;1;3;1;1;1200;800;600;1000;VACIO;1;3
H3.3.2;H;3;2;3;1;1;1200;800;600;1000;VACIO;1;3
H3.3.3;H;3;3;3;1;1;1200;800;600;1000;VACIO;1;3
H3.3.4;H;3;4;3;1;1;1200;800;600;1000;VACIO;1;3
H4.1.0;H;4;0;1;1;1;1200;800;1000;10000;VACIO;1;5
H4.1.1;H;4;1;1;1;1;1200;800;600;1000;VACIO;1;3
H4.1.2;H;4;2;1;1;1;1200;800;600;1000;VACIO;1;3
H4.1.3;H;4;3;1;1;1;1200;800;600;1000;VACIO;1;3
H4.1.4;H;4;4;1;1;1;1200;800;600;1000;VACIO;1;3
H4.2.0;H;4;0;2;1;1;1200;800;1000;10000;VACIO;1;5
H4.2.1;H;4;1;2;1;1;1200;800;600;1000;VACIO;1;3
H4.2.2;H;4;2;2;1;1;1200;800;600;1000;VACIO;1;3
H4.2.3;H;4;3;2;1;1;1200;800;600;1000;VACIO;1;3
H4.2.4;H;4;4;2;1;1;1200;800;600;1000;VACIO;1;3
H4.3.0;H;4;0;3;1;1;1200;800;1000;10000;VACIO;1;5
H4.3.1;H;4;1;3;1;1;1200;800;600;1000;VACIO;1;3
H4.3.2;H;4;2;3;1;1;1200;800;600;1000;VACIO;1;3
H4.3.3;H;4;3;3;1;1;1200;800;600;1000;VACIO;1;3
H4.3.4;H;4;4;3;1;1;1200;800;600;1000;VACIO;1;3
H5.1.0;H;5;0;1;1;1;1200;800;1000;10000;VACIO;1;5
H5.1.1;H;5;1;1;1;1;1200;800;600;1000;VACIO;1;3
H5.1.2;H;5;2;1;1;1;1200;800;600;1000;VACIO;1;3
H5.1.3;H;5;3;1;1;1;1200;800;600;1000;VACIO;1;3
H5.1.4;H;5;4;1;1;1;1200;800;600;1000;VACIO;1;3
H5.2.0;H;5;0;2;1;1;1200;800;1000;10000;VACIO;1;5
H5.2.1;H;5;1;2;1;1;1200;800;600;1000;VACIO;1;3
H5.2.2;H;5;2;2;1;1;1200;800;600;1000;VACIO;1;3
H5.2.3;H;5;3;2;1;1;1200;800;600;1000;VACIO;1;3
H5.2.4;H;5;4;2;1;1;1200;800;600;1000;VACIO;1;3
H5.3.0;H;5;0;3;1;1;1200;800;1000;10000;VACIO;1;5
H5.3.1;H;5;1;3;1;1;1200;800;600;1000;VACIO;1;3
H5.3.3;H;5;3;3;1;1;1200;800;600;1000;VACIO;1;3
H5.3.4;H;5;4;3;1;1;1200;800;600;1000;VACIO;1;3
H6.1.0;H;6;0;1;1;1;1200;800;1000;10000;VACIO;1;5
H6.1.1;H;6;1;1;1;1;1200;800;600;1000;VACIO;1;3
H6.1.2;H;6;2;1;1;1;1200;800;600;1000;VACIO;1;3
H6.1.3;H;6;3;1;1;1;1200;800;600;1000;VACIO;1;3
H6.1.4;H;6;4;1;1;1;1200;800;600;1000;VACIO;1;3
H6.2.0;H;6;0;2;1;1;1200;800;1000;10000;VACIO;1;5
H6.2.1;H;6;1;2;1;1;1200;800;600;1000;VACIO;1;3
H6.2.2;H;6;2;2;1;1;1200;800;600;1000;VACIO;1;3
H6.2.3;H;6;3;2;1;1;1200;800;600;1000;VACIO;1;3
H6.2.4;H;6;4;2;1;1;1200;800;600;1000;VACIO;1;3
H6.3.0;H;6;0;3;1;1;1200;800;1000;10000;VACIO;1;5
H6.3.1;H;6;1;3;1;1;1200;800;600;1000;VACIO;1;3
H6.3.2;H;6;2;3;1;1;1200;800;600;1000;VACIO;1;3
H6.3.3;H;6;3;3;1;1;1200;800;600;1000;VACIO;1;3
H6.3.4;H;6;4;3;1;1;1200;800;600;1000;VACIO;1;3
E3.1.0;E;3;0;1;1;1;1200;800;1000;10000;VACIO;1;5
E3.1.1;E;3;1;1;1;1;1200;800;600;1000;VACIO;1;3
E3.1.2;E;3;2;1;1;1;1200;800;600;1000;VACIO;1;3
E3.1.3;E;3;3;1;1;1;1200;800;600;1000;VACIO;1;3
E3.1.4;E;3;4;1;1;1;1200;800;600;1000;VACIO;1;3
E3.2.0;E;3;0;2;1;1;1200;800;1000;10000;VACIO;1;5
E3.2.1;E;3;1;2;1;1;1200;800;600;1000;VACIO;1;3
E3.2.2;E;3;2;2;1;1;1200;800;600;1000;VACIO;1;3
E3.2.3;E;3;3;2;1;1;1200;800;600;1000;VACIO;1;3
E3.2.4;E;3;4;2;1;1;1200;800;600;1000;VACIO;1;3
E3.3.0;E;3;0;3;1;1;1200;800;1000;10000;VACIO;1;5
E3.3.1;E;3;1;3;1;1;1200;800;600;1000;VACIO;1;3
E3.3.2;E;3;2;3;1;1;1200;800;600;1000;VACIO;1;3
E3.3.3;E;3;3;3;1;1;1200;800;600;1000;VACIO;1;3
E3.3.4;E;3;4;3;1;1;1200;800;600;1000;VACIO;1;3
E4.1.0;E;4;0;1;1;1;1200;800;1000;10000;VACIO;1;5
E4.1.1;E;4;1;1;1;1;1200;800;600;1000;VACIO;1;3
E4.1.2;E;4;2;1;1;1;1200;800;600;1000;VACIO;1;3
E4.1.3;E;4;3;1;1;1;1200;800;600;1000;VACIO;1;3
E4.1.4;E;4;4;1;1;1;1200;800;600;1000;VACIO;1;3
E4.2.0;E;4;0;2;1;1;1200;800;1000;10000;VACIO;1;5
E4.2.1;E;4;1;2;1;1;1200;800;600;1000;VACIO;1;3
E4.2.2;E;4;2;2;1;1;1200;800;600;1000;VACIO;1;3
E4.2.3;E;4;3;2;1;1;1200;800;600;1000;VACIO;1;3
E4.2.4;E;4;4;2;1;1;1200;800;600;1000;VACIO;1;3
E4.3.0;E;4;0;3;1;1;1200;800;1000;10000;VACIO;1;5
E4.3.1;E;4;1;3;1;1;1200;800;600;1000;VACIO;1;3
E4.3.2;E;4;2;3;1;1;1200;800;600;1000;VACIO;1;3
E4.3.3;E;4;3;3;1;1;1200;800;600;1000;VACIO;1;3
E4.3.4;E;4;4;3;1;1;1200;800;600;1000;VACIO;1;3
E5.1.0;E;5;0;1;1;1;1200;800;1000;10000;VACIO;1;5
E5.1.1;E;5;1;1;1;1;1200;800;600;1000;VACIO;1;3
E5.1.2;E;5;2;1;1;1;1200;800;600;1000;VACIO;1;3
E5.1.3;E;5;3;1;1;1;1200;800;600;1000;VACIO;1;3
E5.1.4;E;5;4;1;1;1;1200;800;600;1000;VACIO;1;3
E5.2.0;E;5;0;2;1;1;1200;800;1000;10000;VACIO;1;5
E5.2.1;E;5;1;2;1;1;1200;800;600;1000;VACIO;1;3
E5.2.2;E;5;2;2;1;1;1200;800;600;1000;VACIO;1;3
E5.2.3;E;5;3;2;1;1;1200;800;600;1000;VACIO;1;3
E5.2.4;E;5;4;2;1;1;1200;800;600;1000;VACIO;1;3
E5.3.0;E;5;0;3;1;1;1200;800;1000;10000;VACIO;1;5
E5.3.1;E;5;1;3;1;1;1200;800;600;1000;VACIO;1;3
E5.3.2;E;5;2;3;1;1;1200;800;600;1000;VACIO;1;3
E5.3.3;E;5;3;3;1;1;1200;800;600;1000;VACIO;1;3
E5.3.4;E;5;4;3;1;1;1200;800;600;1000;VACIO;1;3
E6.1.0;E;6;0;1;1;1;1200;800;1000;10000;VACIO;1;5
E6.1.1;E;6;1;1;1;1;1200;800;600;1000;VACIO;1;3
E6.1.2;E;6;2;1;1;1;1200;800;600;1000;VACIO;1;3
E6.1.3;E;6;3;1;1;1;1200;800;600;1000;VACIO;1;3
E6.1.4;E;6;4;1;1;1;1200;800;600;1000;VACIO;1;3
E6.2.0;E;6;0;2;1;1;1200;800;1000;10000;VACIO;1;5
E6.2.1;E;6;1;2;1;1;1200;800;600;1000;VACIO;1;3
E6.2.2;E;6;2;2;1;1;1200;800;600;1000;VACIO;1;3
E6.2.3;E;6;3;2;1;1;1200;800;600;1000;VACIO;1;3
E6.2.4;E;6;4;2;1;1;1200;800;600;1000;VACIO;1;3
E6.3.0;E;6;0;3;1;1;1200;800;1000;10000;VACIO;1;5
E6.3.1;E;6;1;3;1;1;1200;800;600;1000;VACIO;1;3
E6.3.2;E;6;2;3;1;1;1200;800;600;1000;VACIO;1;3
E6.3.3;E;6;3;3;1;1;1200;800;600;1000;VACIO;1;3
E6.3.4;E;6;4;3;1;1;1200;800;600;1000;VACIO;1;3
E7.1.0;E;7;0;1;1;1;1200;800;1000;10000;VACIO;1;5
E7.1.1;E;7;1;1;1;1;1200;800;600;1000;VACIO;1;3
E7.1.2;E;7;2;1;1;1;1200;800;600;1000;VACIO;1;3
E7.1.3;E;7;3;1;1;1;1200;800;600;1000;VACIO;1;3
E7.1.4;E;7;4;1;1;1;1200;800;600;1000;VACIO;1;3
E7.2.0;E;7;0;2;1;1;1200;800;1000;10000;VACIO;1;5
E7.2.1;E;7;1;2;1;1;1200;800;600;1000;VACIO;1;3
E7.2.2;E;7;2;2;1;1;1200;800;600;1000;VACIO;1;3
E7.2.3;E;7;3;2;1;1;1200;800;600;1000;VACIO;1;3
E7.2.4;E;7;4;2;1;1;1200;800;600;1000;VACIO;1;3
E7.3.0;E;7;0;3;1;1;1200;800;1000;10000;VACIO;1;5
E7.3.1;E;7;1;3;1;1;1200;800;600;1000;VACIO;1;3
E7.3.2;E;7;2;3;1;1;1200;800;600;1000;VACIO;1;3
E7.3.3;E;7;3;3;1;1;1200;800;600;1000;VACIO;1;3
E7.3.4;E;7;4;3;1;1;1200;800;600;1000;VACIO;1;3
E8.1.0;E;8;0;1;1;1;1200;800;1000;10000;VACIO;1;5
E8.1.1;E;8;1;1;1;1;1200;800;600;1000;VACIO;1;3
E8.1.2;E;8;2;1;1;1;1200;800;600;1000;VACIO;1;3
E8.1.3;E;8;3;1;1;1;1200;800;600;1000;VACIO;1;3
E8.1.4;E;8;4;1;1;1;1200;800;600;1000;VACIO;1;3
E8.2.0;E;8;0;2;1;1;1200;800;1000;10000;VACIO;1;5
E8.2.1;E;8;1;2;1;1;1200;800;600;1000;VACIO;1;3
E8.2.2;E;8;2;2;1;1;1200;800;600;1000;VACIO;1;3
E8.2.3;E;8;3;2;1;1;1200;800;600;1000;VACIO;1;3
E8.2.4;E;8;4;2;1;1;1200;800;600;1000;VACIO;1;3
E8.3.0;E;8;0;3;1;1;1200;800;1000;10000;VACIO;1;5
E8.3.1;E;8;1;3;1;1;1200;800;600;1000;VACIO;1;3
E8.3.2;E;8;2;3;1;1;1200;800;600;1000;VACIO;1;3
E8.3.3;E;8;3;3;1;1;1200;800;600;1000;VACIO;1;3
E8.3.4;E;8;4;3;1;1;1200;800;600;1000;VACIO;1;3
T5.1.0;T;5;0;1;1;1;1200;800;1000;10000;VACIO;1;5
T5.1.1;T;5;1;1;1;1;1200;800;600;1000;VACIO;1;3
T5.1.2;T;5;2;1;1;1;1200;800;600;1000;VACIO;1;3
T5.1.3;T;5;3;1;1;1;1200;800;600;1000;VACIO;1;3
T5.1.4;T;5;4;1;1;1;1200;800;600;1000;VACIO;1;3
T5.2.0;T;5;0;2;1;1;1200;800;1000;10000;VACIO;1;5
T5.2.1;T;5;1;2;1;1;1200;800;600;1000;VACIO;1;3
T5.2.2;T;5;2;2;1;1;1200;800;600;1000;VACIO;1;3
T5.2.3;T;5;3;2;1;1;1200;800;600;1000;VACIO;1;3
T5.2.4;T;5;4;2;1;1;1200;800;600;1000;VACIO;1;3
T6.1.0;T;6;0;1;1;1;1200;800;1000;10000;VACIO;1;5
T6.1.1;T;6;1;1;1;1;1200;800;600;1000;VACIO;1;3
T6.1.2;T;6;2;1;1;1;1200;800;600;1000;VACIO;1;3
T6.1.3;T;6;3;1;1;1;1200;800;600;1000;VACIO;1;3
T6.1.4;T;6;4;1;1;1;1200;800;600;1000;VACIO;1;3
T6.2.0;T;6;0;2;1;1;1200;800;1000;10000;VACIO;1;5
T6.2.1;T;6;1;2;1;1;1200;800;600;1000;VACIO;1;3
T6.2.2;T;6;2;2;1;1;1200;800;600;1000;VACIO;1;3
T6.2.3;T;6;3;2;1;1;1200;800;600;1000;VACIO;1;3
T6.2.4;T;6;4;2;1;1;1200;800;600;1000;VACIO;1;3
T7.1.0;T;7;0;1;1;1;1200;800;1000;10000;VACIO;1;5
T7.1.1;T;7;1;1;1;1;1200;800;600;1000;VACIO;1;3
T7.1.2;T;7;2;1;1;1;1200;800;600;1000;VACIO;1;3
T7.1.3;T;7;3;1;1;1;1200;800;600;1000;VACIO;1;3
T7.1.4;T;7;4;1;1;1;1200;800;600;1000;VACIO;1;3
T7.2.0;T;7;0;2;1;1;1200;800;1000;10000;VACIO;1;5
T7.2.1;T;7;1;2;1;1;1200;800;600;1000;VACIO;1;3
T7.2.2;T;7;2;2;1;1;1200;800;600;1000;VACIO;1;3
T7.2.3;T;7;3;2;1;1;1200;800;600;1000;VACIO;1;3
T7.2.4;T;7;4;2;1;1;1200;800;600;1000;VACIO;1;3
T8.1.0;T;8;0;1;1;1;1200;800;1000;10000;VACIO;1;5
T8.1.1;T;8;1;1;1;1;1200;800;600;1000;VACIO;1;3
T8.1.2;T;8;2;1;1;1;1200;800;600;1000;VACIO;1;3
T8.1.3;T;8;3;1;1;1;1200;800;600;1000;VACIO;1;3
T8.1.4;T;8;4;1;1;1;1200;800;600;1000;VACIO;1;3
T8.2.0;T;8;0;2;1;1;1200;800;1000;10000;VACIO;1;5
T8.2.1;T;8;1;2;1;1;1200;800;600;1000;VACIO;1;3
T8.2.2;T;8;2;2;1;1;1200;800;600;1000;VACIO;1;3
T8.2.3;T;8;3;2;1;1;1200;800;600;1000;VACIO;1;3
T8.2.4;T;8;4;2;1;1;1200;800;600;1000;VACIO;1;3
